track_name,artist_name,danceability,energy,speechiness,acousticness,instrumentalness,liveness,valence,tempo,time_signature,release_year,genres,loudness_scaled,popularity_metric,popularity_category
Blinding Lights,The Weeknd,0.514,0.73,0.0598,0.00146,9.54e-05,0.0897,0.334,0.7737833835469541,4,2020,"Pop,Jazz",0.7874875868917577,91.0,Popular_Forever
Dance Monkey,Tones And I,0.824,0.587,0.0937,0.69,0.000105,0.149,0.514,0.2414266017901825,4,2021,Pop,0.7565706719629263,78.0,Semi_Popular
The Box,Roddy Ricch,0.896,0.586,0.0559,0.104,0.0,0.79,0.642,0.3796076772127429,4,2019,Rap,0.7376365441906654,86.0,Popular_Forever
Roses - Imanbek Remix,"SAINt JHN, Imanbek",0.785,0.721,0.0506,0.0149,0.00432,0.285,0.894,0.4160168075809194,4,2019,"Pop,Rap",0.8190665342601788,58.0,Not_so_popular
Dont Start Now,Dua Lipa,0.793,0.793,0.083,0.0123,0.0,0.0951,0.679,0.43051918208942164,4,2020,Pop,0.8810327706057597,84.0,Popular_Forever
ROCKSTAR feat Roddy Ricch,"DaBaby, Roddy Ricch",0.746,0.69,0.164,0.247,0.0,0.101,0.497,0.1826876080565506,4,2020,"Pop,Rap,Hip Hop",0.6536246276067528,79.0,Semi_Popular
Watermelon Sugar,Harry Styles,0.548,0.816,0.0465,0.122,0.0,0.335,0.557,0.2221752102771355,4,2019,Pop,0.9016881827209532,88.0,Popular_Forever
death bed coffee for your head,"Powfu, beabadoobee",0.726,0.431,0.135,0.731,0.0,0.696,0.348,0.5769727387457053,4,2020,"Pop,Rock,Rap",0.600066203243959,83.0,Semi_Popular
Falling,Trevor Daniel,0.785,0.431,0.0364,0.123,0.0,0.0887,0.236,0.45338887227259794,4,2020,Rap,0.6006620324395896,80.0,Semi_Popular
Someone You Loved,Lewis Capaldi,0.501,0.405,0.0319,0.751,0.0,0.105,0.446,0.32795938167944505,4,2019,Pop,0.8043694141012909,90.0,Popular_Forever
Tusa,"KAROL G, Nicki Minaj",0.803,0.715,0.298,0.295,0.000134,0.0574,0.574,0.26371999037065674,4,2019,"Pop,Latino,Rap,Hip Hop",0.9631909963588215,77.0,Semi_Popular
ROXANNE,Arizona Zervas,0.621,0.601,0.148,0.0522,0.0,0.46,0.457,0.377886067361633,5,2019,"Pop,Rock,Rap",0.8085402184707051,78.0,Semi_Popular
Circles,Post Malone,0.695,0.762,0.0395,0.192,0.00244,0.0863,0.553,0.4020104901481607,4,2019,"Pop,Rap",0.9488248924197286,88.0,Popular_Forever
Blueberry Faygo,Lil Mosey,0.774,0.554,0.0383,0.207,0.0,0.132,0.349,0.24875803357139215,4,2020,Rap,0.6567361800728236,76.0,Semi_Popular
Intentions feat Quavo,"Justin Bieber, Quavo",0.806,0.546,0.0575,0.3,0.0,0.102,0.874,0.60586076845077,4,2020,"Pop,Rap,Hip Hop",0.740946706388613,76.0,Semi_Popular
Toosie Slide,Drake,0.83,0.49,0.209,0.289,3.04e-06,0.113,0.845,0.12160693312712922,4,2020,"Pop,Rap,Hip Hop",0.5964250248262165,70.0,Not_so_popular
Before You Go,Lewis Capaldi,0.459,0.575,0.0573,0.604,0.0,0.0885,0.183,0.3424763461019398,4,2019,Pop,0.8587222773915922,86.0,Popular_Forever
Say So,Doja Cat,0.787,0.673,0.159,0.264,3.35e-06,0.0904,0.779,0.3357722806224058,4,2019,Pop,0.8769281694803046,79.0,Semi_Popular
Memories,Maroon 5,0.775,0.327,0.0557,0.841,0.0,0.0821,0.595,0.19051509691350377,4,2021,Pop,0.7009599470374048,86.0,Popular_Forever
Life Is Good feat Drake,"Future, Drake",0.795,0.574,0.487,0.067,0.0,0.15,0.537,0.5625797885921464,4,2020,"Pop,Rap,Hip Hop",0.7233366434955313,75.0,Semi_Popular
Savage Love Laxed - Siren Beat,"Jawsh 685, Jason Derulo",0.767,0.481,0.0803,0.234,0.0,0.269,0.761,0.6211072285728876,4,2020,Pop,0.6162859980139028,75.0,Semi_Popular
Adore You,Harry Styles,0.676,0.771,0.0483,0.0237,7e-06,0.102,0.569,0.24886016296933933,4,2019,Pop,0.9370407149950348,85.0,Popular_Forever
Breaking Me,"Topic, A7S",0.789,0.72,0.218,0.223,0.0,0.129,0.664,0.4165201596136592,4,2019,"Pop,Hip Hop",0.8061569016881828,78.0,Semi_Popular
Mood feat iann dior,"24kGoldn, iann dior",0.701,0.716,0.0361,0.174,0.0,0.324,0.732,0.19020141376266597,4,2021,"Pop,Rap",0.9373055279708706,82.0,Semi_Popular
everything i wanted,Billie Eilish,0.704,0.225,0.0994,0.902,0.657,0.106,0.243,0.40174787169629644,4,2019,Pop,0.2234359483614697,86.0,Popular_Forever
Seorita,"Shawn Mendes, Camila Cabello",0.759,0.548,0.029,0.0392,0.0,0.0828,0.749,0.379578497384758,4,2019,Pop,0.779874213836478,82.0,Semi_Popular
bad guy,Billie Eilish,0.701,0.425,0.375,0.328,0.13,0.1,0.562,0.5120622113932638,4,2019,Pop,0.4544190665342602,84.0,Popular_Forever
WAP feat Megan Thee Stallion,"Cardi B, Megan Thee Stallion",0.935,0.454,0.375,0.0194,0.0,0.0824,0.357,0.4970710747660144,4,2020,"Pop,Rap,Jazz",0.6832174776564052,80.0,Semi_Popular
Sunday Best,Surfaces,0.869,0.555,0.0454,0.137,0.0,0.0746,0.738,0.34336633085547963,4,2019,Jazz,0.78417742469381,75.0,Semi_Popular
Godzilla feat Juice WRLD,"Eminem, Juice WRLD",0.808,0.745,0.342,0.145,0.0,0.292,0.829,0.7372356489958494,4,2020,"Rap,Hip Hop",0.8321085733200928,85.0,Popular_Forever
Yummy,Justin Bieber,0.676,0.506,0.0958,0.345,0.0,0.118,0.497,0.5902203806508561,4,2020,Pop,0.7399536577292287,69.0,Not_so_popular
Break My Heart,Dua Lipa,0.73,0.729,0.0884,0.167,1.39e-06,0.349,0.467,0.3507196475076779,4,2020,Pop,0.9529956967891426,80.0,Semi_Popular
Dynamite,BTS,0.746,0.765,0.0993,0.0112,0.0,0.0936,0.737,0.35825533808478205,4,2020,Pop,0.8883813306852035,82.0,Semi_Popular
Supalonely feat Gus Dapperton,"BENEE, Gus Dapperton",0.862,0.631,0.0515,0.291,0.000209,0.123,0.841,0.46719822586645865,4,2020,"Pop,Rock,Hip Hop",0.8661370407149951,62.0,Not_so_popular
ily i love you baby feat Emilee,"Surf Mesa, Emilee",0.674,0.774,0.0892,0.0686,0.00188,0.393,0.33,0.34370919383430243,4,2019,"Pop,Hip Hop",0.6793776895067859,77.0,Semi_Popular
Rain On Me with Ariana Grande,"Lady Gaga, Ariana Grande",0.672,0.855,0.0397,0.021,0.0,0.323,0.646,0.4239974905347933,4,2020,Pop,0.931148626282688,74.0,Semi_Popular
HIGHEST IN THE ROOM,Travis Scott,0.598,0.427,0.0317,0.0546,5.83e-06,0.21,0.0605,0.08414732895149579,4,2019,"Rap,Hip Hop",0.600132406487918,84.0,Popular_Forever
Sunflower - Spider-Man Into the Spider-Verse,"Post Malone, Swae Lee",0.755,0.522,0.0575,0.533,0.0,0.0685,0.925,0.18256359378761466,4,2019,"Pop,Rap",0.8911618669314796,86.0,Popular_Forever
Hawi,Maluma,0.783,0.727,0.389,0.185,2.46e-05,0.0626,0.558,0.8398902838467768,4,2020,"Pop,Latino,Rap",0.9516716319099636,79.0,Semi_Popular
Ride It,Regard,0.88,0.751,0.0874,0.177,6.43e-05,0.106,0.884,0.3867348501980581,4,2019,"Pop,Hip Hop",0.8984442237669645,81.0,Semi_Popular
goosebumps,Travis Scott,0.841,0.728,0.0484,0.0847,0.0,0.149,0.43,0.4750111248094193,4,2016,"Rap,Hip Hop",0.9572327044025156,87.0,Popular_Forever
RITMO Bad Boys For Life,"Black Eyed Peas, J Balvin",0.732,0.716,0.0561,0.0295,0.000758,0.73,0.666,0.29295817801154067,4,2020,"Pop,Latino,Rap",0.7190334326381993,65.0,Not_so_popular
THE SCOTTS,"THE SCOTTS, Travis Scott, Kid Cudi",0.716,0.537,0.0514,0.233,0.0,0.157,0.28,0.4745004778196834,4,2020,"Pop,Rap,Hip Hop",0.6740152267461106,77.0,Semi_Popular
Safaera,"Bad Bunny, Jowell & Randy, Ñengo Flow",0.607,0.829,0.379,0.0103,0.0,0.107,0.685,0.22787986664818616,4,2020,"Latino,Rap",0.9106256206554122,78.0,Semi_Popular
lovely with Khalid,"Billie Eilish, Khalid",0.351,0.296,0.0333,0.934,0.0,0.095,0.12,0.3673010847601055,4,2018,"Pop,Jazz",0.5110890433631249,90.0,Popular_Forever
Lucid Dreams,Juice WRLD,0.511,0.566,0.2,0.349,0.0,0.34,0.218,0.13837803926145864,4,2018,Rap,0.7016881827209533,86.0,Popular_Forever
Stuck with U with Justin Bieber,"Ariana Grande, Justin Bieber",0.597,0.45,0.0418,0.223,0.0,0.382,0.537,0.8303922498376872,3,2020,Pop,0.739556438265475,82.0,Semi_Popular
If the World Was Ending feat Julia Michaels,"JP Saxe, Julia Michaels",0.464,0.473,0.129,0.866,0.0,0.109,0.604,0.0792742976780153,4,2019,"Pop,Hip Hop,Jazz",0.5126117179741808,79.0,Semi_Popular
Physical,Dua Lipa,0.647,0.844,0.0457,0.0137,0.000658,0.102,0.746,0.5984272072716132,4,2020,Pop,0.9316782522343596,77.0,Semi_Popular
SICKO MODE,Travis Scott,0.834,0.73,0.222,0.00513,0.0,0.124,0.446,0.6570859564782867,4,2018,"Rap,Hip Hop",0.9344587884806356,86.0,Popular_Forever
drivers license,Olivia Rodrigo,0.585,0.436,0.0601,0.721,1.31e-05,0.105,0.132,0.5758639052822785,4,2021,Pop,0.6003310162197949,28.0,Not_so_popular
Save Your Tears with Ariana Grande Remix,"The Weeknd, Ariana Grande",0.65,0.825,0.0325,0.0215,2.44e-05,0.0936,0.593,0.38777802904851877,4,2021,"Pop,Jazz",0.8728235683548494,83.0,Semi_Popular
MONTERO Call Me By Your Name,Lil Nas X,0.61,0.508,0.152,0.297,0.0,0.384,0.758,0.8307788825584874,4,2021,Hip Hop,0.7379675604104601,75.0,Semi_Popular
Beggin,Måneskin,0.714,0.8,0.0504,0.127,0.0,0.359,0.589,0.5038480898155107,4,2017,"Pop,Rock",0.86203243958954,85.0,Popular_Forever
good 4 u,Olivia Rodrigo,0.556,0.661,0.204,0.3,0.0,0.101,0.668,0.7559472136911753,4,2021,Pop,0.8458788480635552,22.0,Not_so_popular
Peaches feat Daniel Caesar  Giveon,"Justin Bieber, Daniel Caesar, Giveon",0.677,0.696,0.119,0.321,0.0,0.42,0.464,0.18307424077735068,4,2021,"Pop,Jazz",0.771135385633896,83.0,Semi_Popular
Leave The Door Open,"Bruno Mars, Anderson .Paak, Silk Sonic",0.586,0.616,0.0324,0.182,0.0,0.0927,0.719,0.6066048540643854,4,2021,"Pop,Rock,Hip Hop,Jazz",0.6530950016550812,21.0,Not_so_popular
Easy On Me,Adele,0.604,0.366,0.0282,0.578,0.0,0.133,0.13,0.5620545516884179,4,2021,"Pop,Jazz",0.6825554452168157,83.0,Semi_Popular
Heartbreak Anniversary,Giveon,0.449,0.465,0.0791,0.524,1.02e-06,0.303,0.543,0.17619509632990726,3,2020,Jazz,0.5868917576961271,82.0,Semi_Popular
STAY with Justin Bieber,"The Kid LAROI, Justin Bieber",0.591,0.764,0.0483,0.0383,0.0,0.103,0.478,0.7659267148620159,4,2021,"Pop,Hip Hop",0.8172790466732871,85.0,Popular_Forever
Happier Than Ever,Billie Eilish,0.332,0.225,0.0348,0.767,0.00349,0.128,0.297,0.11760200173619983,3,2021,Pop,0.604568023833168,87.0,Popular_Forever
deja vu,Olivia Rodrigo,0.439,0.61,0.116,0.593,1.07e-05,0.341,0.172,0.847338434939926,4,2021,Pop,0.7012909632571998,15.0,Not_so_popular
telepata,Kali Uchis,0.653,0.524,0.0502,0.112,0.0,0.203,0.553,0.1388668013802059,4,2020,Pop,0.5834491890102615,85.0,Popular_Forever
3435,Ariana Grande,0.83,0.585,0.094,0.237,0.0,0.248,0.485,0.3285940429381169,4,2020,Pop,0.7516054286660047,80.0,Semi_Popular
Woman,Doja Cat,0.824,0.764,0.0854,0.0888,0.00294,0.117,0.881,0.31415002808558457,4,2021,Pop,0.9039390930155576,86.0,Popular_Forever
MONEY,LISA,0.831,0.554,0.218,0.161,6.12e-05,0.152,0.396,0.5477929107607913,4,2021,Pop,0.5184376034425688,78.0,Semi_Popular
INDUSTRY BABY feat Jack Harlow,"Lil Nas X, Jack Harlow",0.741,0.691,0.0672,0.0221,0.0,0.0476,0.892,0.6211874730998461,4,2021,"Pop,Rap,Hip Hop",0.690764647467726,79.0,Semi_Popular
Astronaut In The Ocean,Masked Wolf,0.778,0.695,0.0913,0.175,0.0,0.15,0.472,0.6205236320131895,4,2021,Hip Hop,0.7258523667659715,76.0,Semi_Popular
Bad Habits,Ed Sheeran,0.808,0.897,0.0348,0.0469,3.14e-05,0.364,0.591,0.44566351281359196,4,2021,Pop,0.9345911949685536,16.0,Not_so_popular
Good Days,SZA,0.436,0.655,0.0583,0.499,8.1e-06,0.688,0.412,0.40901364886453995,4,2020,"Pop,Rap,Jazz",0.6262164846077459,80.0,Semi_Popular
My Universe,"Coldplay, BTS",0.588,0.701,0.0402,0.00813,0.0,0.2,0.443,0.29219220752693664,4,2021,Pop,0.7572989076464747,81.0,Semi_Popular
Kiss Me More feat SZA,"Doja Cat, SZA",0.762,0.701,0.0286,0.235,0.000158,0.123,0.742,0.3358160503643832,4,2021,"Pop,Rap,Jazz",0.9459119496855346,78.0,Semi_Popular
Butter,BTS,0.759,0.459,0.0948,0.00323,0.0,0.0906,0.695,0.32873264712104533,4,2021,Pop,0.8369414101290964,2.0,Not_so_popular
Levitating feat DaBaby,"Dua Lipa, DaBaby",0.702,0.825,0.0601,0.00883,0.0,0.0674,0.915,0.2775220490075212,4,2020,"Pop,Rap,Hip Hop",0.929625951671632,74.0,Semi_Popular
Fair Trade with Travis Scott,"Drake, Travis Scott",0.666,0.465,0.26,0.0503,0.0,0.215,0.292,0.7514024554825252,4,2021,"Pop,Rap,Hip Hop",0.6146309169149289,85.0,Popular_Forever
All Too Well 10 Minute Version Taylors Version From The Vault,Taylor Swift,0.631,0.518,0.0303,0.274,0.0,0.088,0.205,0.20490804706706256,4,2021,Pop,0.5996689837802053,87.0,Popular_Forever
Todo De Ti,Rauw Alejandro,0.78,0.718,0.0506,0.31,0.000163,0.0932,0.342,0.4596917151173394,4,2021,"Pop,Latino,Rap",0.9416749420721616,78.0,Semi_Popular
You Right,"Doja Cat, The Weeknd",0.828,0.621,0.0565,0.0164,0.00233,0.0845,0.436,0.4672565855224283,4,2021,"Pop,Jazz",0.7557100297914598,82.0,Semi_Popular
Heat Waves,Glass Animals,0.761,0.525,0.0944,0.44,6.7e-06,0.0921,0.531,0.11625243469189761,4,2020,"Pop,Rock",0.7235352532274082,90.0,Popular_Forever
Hold On,Justin Bieber,0.658,0.634,0.0413,0.0106,0.0,0.132,0.29,0.5474573427389646,4,2021,Pop,0.7965574313141345,82.0,Semi_Popular
The Business,Tiësto,0.798,0.62,0.232,0.414,0.0192,0.112,0.235,0.40193024562120216,4,2020,"Pop,Hip Hop",0.7116848725587555,79.0,Semi_Popular
Need to Know,Doja Cat,0.664,0.609,0.0707,0.304,0.0,0.0926,0.194,0.4749527651534494,4,2021,Pop,0.7494207216153592,61.0,Not_so_popular
I WANNA BE YOUR SLAVE,Måneskin,0.75,0.608,0.0387,0.00165,0.0,0.178,0.958,0.492942129106149,4,2021,"Pop,Rock",0.9149950347567032,83.0,Semi_Popular
Yonaguni,Bad Bunny,0.644,0.648,0.118,0.276,0.0,0.135,0.44,0.8390440688352143,4,2021,"Latino,Rap",0.8757365110890434,82.0,Semi_Popular
Streets,Doja Cat,0.749,0.463,0.0842,0.21,0.0382,0.338,0.189,0.18311071556233183,4,2019,Pop,0.6220456802383317,83.0,Semi_Popular
positions,Ariana Grande,0.737,0.802,0.0878,0.468,0.0,0.0931,0.682,0.5768924942187466,4,2020,Pop,0.8644819596160211,83.0,Semi_Popular
traitor,Olivia Rodrigo,0.38,0.339,0.0338,0.691,0.0,0.12,0.0849,0.2602330009264596,4,2021,Pop,0.6583250579278386,87.0,Popular_Forever
willow,Taylor Swift,0.392,0.574,0.17,0.833,0.00179,0.145,0.529,0.11801781428498481,4,2020,Pop,0.5715988083416088,83.0,Semi_Popular
love nwantiti ah ah ah,CKay,0.727,0.739,0.0411,0.365,0.00137,0.161,0.533,0.20477673784113049,4,2019,Jazz,0.9284342932803707,81.0,Semi_Popular
pov,Ariana Grande,0.487,0.534,0.0555,0.36,0.0,0.1,0.173,0.487770004595823,4,2020,Pop,0.8053624627606754,75.0,Semi_Popular
Build a Bitch,Bella Poarch,0.855,0.463,0.0367,0.217,1.77e-05,0.347,0.866,0.27718648098569465,4,2021,Pop,0.6868586560741476,74.0,Semi_Popular
Up,Cardi B,0.868,0.795,0.269,0.0012,0.0193,0.0461,0.819,0.7372721237808304,4,2021,"Pop,Rap",0.7802052300562728,70.0,Not_so_popular
DKITI,"Bad Bunny, Jhayco",0.731,0.573,0.0544,0.401,5.22e-05,0.113,0.145,0.32822929508830545,4,2020,"Latino,Rap",0.5143992055610727,79.0,Semi_Popular
Baila Conmigo with Rauw Alejandro,"Selena Gomez, Rauw Alejandro",0.823,0.544,0.0715,0.0215,0.00315,0.0966,0.664,0.6198452010125401,4,2021,"Pop,Latino,Rap",0.7081761006289309,70.0,Not_so_popular
Shivers,Ed Sheeran,0.788,0.859,0.0856,0.281,0.0,0.0424,0.822,0.5550440980150424,4,2021,Pop,1.0,30.0,Not_so_popular
Solar Power,Lorde,0.735,0.47,0.1,0.266,0.000105,0.32,0.897,0.1680539243221162,4,2021,Pop,0.5576961271102285,0.0,Not_so_popular
Were Good,Dua Lipa,0.722,0.588,0.0544,0.0319,0.0,0.183,0.59,0.5039064494714803,4,2021,Pop,0.7876199933796757,75.0,Semi_Popular
WITHOUT YOU with Miley Cyrus,"The Kid LAROI, Miley Cyrus",0.655,0.469,0.0292,0.173,0.0,0.0956,0.467,0.20153048197780876,4,2021,"Pop,Hip Hop",0.7661039390930156,71.0,Semi_Popular
late at night,Roddy Ricch,0.643,0.403,0.41,0.343,0.0,0.138,0.111,0.24515432481525534,4,2021,Rap,0.4352863290301225,65.0,Not_so_popular
Calling My Phone,"Lil Tjay, 6LACK",0.907,0.393,0.0539,0.451,1.35e-06,0.135,0.202,0.29190770420408374,4,2021,"Rap,Hip Hop,Jazz",0.6748096656736181,81.0,Semi_Popular
RAPSTAR,Polo G,0.789,0.536,0.242,0.41,0.0,0.129,0.437,0.11748528242426015,4,2021,Rap,0.7260509764978484,81.0,Semi_Popular
Girls Want Girls with Lil Baby,"Drake, Lil Baby",0.767,0.438,0.29,0.181,0.0,0.142,0.381,0.16078814715387257,4,2021,"Pop,Rap,Hip Hop",0.6026481297583581,78.0,Semi_Popular
Whoopty,CJ,0.719,0.648,0.125,0.2,0.0,0.127,0.66,0.549069528235131,4,2020,Rap,0.6771929824561405,72.0,Semi_Popular
LA NOCHE DE ANOCHE,"Bad Bunny, ROSALÍA",0.856,0.618,0.286,0.0303,0.0,0.0866,0.391,0.12444467139866211,4,2020,"Pop,Latino,Rap,Jazz",0.8564713670969878,80.0,Semi_Popular
Anyone,Justin Bieber,0.686,0.538,0.0345,0.181,3.13e-06,0.113,0.584,0.37167805895784256,4,2021,Pop,0.648990400529626,72.0,Semi_Popular
Love Story Taylors Version,Taylor Swift,0.626,0.79,0.0311,0.135,3.97e-06,0.0989,0.416,0.39500733143178124,4,2021,Pop,0.8955312810327707,85.0,Popular_Forever
Afterglow,Ed Sheeran,0.641,0.324,0.0299,0.698,0.0,0.328,0.273,0.33009680407933994,4,2020,Pop,0.7929824561403509,73.0,Semi_Popular
GIRL LIKE ME,"Black Eyed Peas, Shakira",0.965,0.485,0.191,0.0206,0.0237,0.0655,0.312,0.4310663038641388,4,2020,"Pop,Latino,Rap",0.5988083416087389,72.0,Semi_Popular
BICHOTA,KAROL G,0.863,0.666,0.152,0.212,0.000493,0.103,0.838,0.7220110737447203,4,2020,"Latino,Rap",0.90506454816286,74.0,Semi_Popular
Bandido,"Myke Towers, Juhn",0.713,0.617,0.0887,0.122,0.0,0.0962,0.682,0.752015231870208,4,2020,"Latino,Rap",0.8733531943065211,75.0,Semi_Popular
Prisoner feat Dua Lipa,"Miley Cyrus, Dua Lipa",0.781,0.67,0.0452,0.0103,0.0,0.0761,0.595,0.4599908083541848,4,2020,Pop,0.9213505461767628,2.0,Not_so_popular
Beautiful Mistakes feat Megan Thee Stallion,"Maroon 5, Megan Thee Stallion",0.713,0.676,0.027,0.0377,0.0,0.154,0.721,0.24886016296933933,4,2021,"Pop,Rap,Jazz",0.817345249917246,28.0,Not_so_popular
Therefore I Am,Billie Eilish,0.889,0.34,0.0697,0.218,0.13,0.055,0.716,0.21210087466534389,4,2020,Pop,0.6657398212512414,74.0,Semi_Popular
test drive,Ariana Grande,0.698,0.708,0.0454,0.0251,0.0,0.124,0.322,0.36549193542504077,4,2021,Pop,0.8530950016550811,63.0,Not_so_popular
Lemonade,"Internet Money, Gunna, Don Toliver, NAV",0.799,0.66,0.079,0.256,0.0,0.111,0.471,0.5478950401587384,4,2020,"Pop,Rap,Hip Hop",0.7729890764647469,60.0,Not_so_popular
Lost Cause,Billie Eilish,0.671,0.336,0.241,0.705,0.00751,0.0577,0.518,0.0738030799308439,4,2021,Pop,0.6180072823568356,1.0,Not_so_popular
Selfish Love with Selena Gomez,"DJ Snake, Selena Gomez",0.723,0.646,0.102,0.0206,0.352,0.0994,0.443,0.33583793523537186,4,2021,"Pop,Rap,Hip Hop",0.6524991724594505,58.0,Not_so_popular
What You Know Bout Love,Pop Smoke,0.584,0.547,0.382,0.655,1.64e-06,0.134,0.56,0.13848016865940582,4,2021,Rap,0.6174776564051638,0.0,Not_so_popular
Head  Heart feat MNEK,"Joel Corry, MNEK",0.734,0.874,0.0662,0.168,1.14e-05,0.0489,0.905,0.4232461099641819,4,2020,"Pop,Jazz",0.971267792121814,79.0,Semi_Popular
Save Your Tears,The Weeknd,0.68,0.826,0.0309,0.0212,1.24e-05,0.543,0.644,0.3874862307686697,4,2020,"Pop,Jazz",0.8170804369414102,88.0,Popular_Forever
Body,Megan Thee Stallion,0.914,0.732,0.241,0.0166,0.0,0.107,0.469,0.21251668721412897,4,2020,"Pop,Rap,Jazz",0.7764978483945715,80.0,Semi_Popular
Best Friend feat Doja Cat,"Saweetie, Doja Cat",0.84,0.766,0.136,0.00302,3.61e-06,0.0684,0.402,0.21216652927830992,4,2021,"Pop,Rap",0.9075802714333004,72.0,Semi_Popular
3435 Remix feat Doja Cat Megan Thee Stallion - Remix,"Ariana Grande, Doja Cat, Megan Thee Stallion",0.88,0.662,0.304,0.205,0.0,0.227,0.726,0.3286669925080792,4,2021,"Pop,Rap,Jazz",0.798609731876862,64.0,Not_so_popular
Whats Next,Drake,0.781,0.594,0.0485,0.0136,0.0,0.162,0.0628,0.4738877014320002,4,2021,"Pop,Rap,Hip Hop",0.7196292618338299,73.0,Semi_Popular
On The Ground,ROSÉ,0.311,0.607,0.11,0.0174,0.0,0.131,0.286,0.9028676475952175,4,2021,Pop,0.7448526977821914,72.0,Semi_Popular
As I Am feat Khalid,"Justin Bieber, Khalid",0.595,0.543,0.038,0.127,0.0,0.0975,0.109,0.2552797251260204,4,2021,"Pop,Jazz",0.6408474015226747,65.0,Not_so_popular
Met Him Last Night feat Ariana Grande,"Demi Lovato, Ariana Grande",0.538,0.512,0.0262,0.22,0.0,0.101,0.12,0.5839175378061148,4,2021,Pop,0.879245283018868,59.0,Not_so_popular
m y  l i f e with 21 Savage  Morray,"J. Cole, 21 Savage, Morray",0.597,0.587,0.137,0.0622,0.0,0.214,0.0753,0.5477564359758098,4,2021,"Pop,Rap,Hip Hop",0.71519364448858,80.0,Semi_Popular
Your Power,Billie Eilish,0.634,0.285,0.0807,0.937,0.000359,0.232,0.203,0.47210043696792414,4,2021,Pop,0.2530287984111222,1.0,Not_so_popular
Permission to Dance,BTS,0.702,0.741,0.0427,0.00544,0.0,0.337,0.646,0.4376317651607444,4,2021,Pop,0.8274743462429659,3.0,Not_so_popular
Motley Crew,Post Malone,0.797,0.631,0.0786,0.0904,3.71e-06,0.0998,0.288,0.4740336005719247,4,2021,"Pop,Rap",0.9275736511089044,75.0,Semi_Popular
Hurricane,Kanye West,0.587,0.561,0.146,0.0466,0.0,0.109,0.351,0.10997147671814478,4,2021,"Rap,Hip Hop",0.7454485269778219,24.0,Not_so_popular
Pepas,Farruko,0.762,0.766,0.0343,0.00776,6.98e-05,0.128,0.442,0.4746609668736004,4,2021,"Latino,Rap",0.9185038066865276,82.0,Semi_Popular
THATS WHAT I WANT,Lil Nas X,0.737,0.846,0.22,0.00614,0.0,0.0486,0.546,0.16812687389207837,4,2021,Hip Hop,0.8817610062893082,82.0,Semi_Popular
Rumors feat Cardi B,"Lizzo, Cardi B",0.827,0.731,0.088,0.13,0.0,0.418,0.607,0.39435078530212075,4,2021,"Pop,Rap,Hip Hop",0.8146309169149288,65.0,Not_so_popular
Skate,"Bruno Mars, Anderson .Paak, Silk Sonic",0.708,0.598,0.0291,0.037,0.0,0.17,0.698,0.3435414098233892,4,2021,"Pop,Rock,Hip Hop,Jazz",0.6265475008275406,2.0,Not_so_popular
t r a n s p a r e n t s o u l feat Travis Barker,"WILLOW, Travis Barker",0.39,0.83,0.0563,0.0021,0.0,0.156,0.191,0.18300858616438465,4,2021,"Pop,Rock,Rap",0.836014564713671,64.0,Not_so_popular
Cold Heart - PNAU Remix,"Elton John, Dua Lipa, PNAU",0.796,0.798,0.0317,0.034,4.19e-05,0.0952,0.942,0.3727577125932843,4,2021,"Pop,Rock",0.7624627606752732,85.0,Popular_Forever
Leave Before You Love Me with Jonas Brothers,"Marshmello, Jonas Brothers",0.721,0.738,0.0403,0.00226,4.41e-06,0.118,0.637,0.4015290229864096,4,2021,"Pop,Hip Hop",0.8645481628599803,84.0,Popular_Forever
Girl From Rio,Anitta,0.692,0.639,0.0352,0.00727,0.0,0.199,0.733,0.5480336443416667,4,2021,Pop,0.7356504468718967,58.0,Not_so_popular
Arcade feat FLETCHER,"Duncan Laurence, FLETCHER",0.446,0.395,0.0365,0.815,0.00216,0.128,0.267,0.05113764854356195,3,2020,"Pop,Hip Hop",0.5627937768950679,67.0,Not_so_popular
Summer of Love Shawn Mendes  Tainy,"Shawn Mendes, Tainy",0.776,0.808,0.117,0.0297,0.000127,0.103,0.494,0.4307963904552783,4,2021,"Pop,Latino,Rap",0.8823568354849387,75.0,Semi_Popular
Meet Me At Our Spot,"THE ANXIETY, WILLOW, Tyler Cole",0.773,0.47,0.0299,0.0153,0.000193,0.0851,0.399,0.2192937022636252,4,2020,"Pop,Rock,Jazz",0.6553459119496856,78.0,Semi_Popular
Life Goes On,Oliver Tree,0.7,0.49,0.076,0.186,0.0,0.117,0.569,0.10977451287924667,4,2021,Hip Hop,0.8369414101290964,76.0,Semi_Popular
Dick feat Doja Cat,"StarBoi3, Doja Cat",0.647,0.608,0.42,0.13,0.0,0.0584,0.474,0.4454300741897127,4,2021,"Pop,Rap",0.728103277060576,70.0,Not_so_popular
Praise God,Kanye West,0.798,0.545,0.168,0.00904,9.48e-05,0.258,0.212,0.38732574171475265,4,2021,"Rap,Hip Hop",0.7522674611055942,78.0,Semi_Popular
As It Was,Harry Styles,0.52,0.731,0.0557,0.342,0.00101,0.311,0.662,0.7951211327609224,4,2022,Pop,0.8269447202912943,94.0,Popular_Forever
Me Porto Bonito,"Bad Bunny, Chencho Corleone",0.911,0.712,0.0817,0.0901,2.68e-05,0.0933,0.425,0.19748178084490198,4,2022,"Latino,Rap",0.8423700761337305,89.0,Popular_Forever
Quevedo Bzrp Music Sessions Vol 52,"Bizarrap, Quevedo",0.621,0.782,0.044,0.0125,0.033,0.23,0.55,0.4603044915050225,4,2022,"Pop,Latino,Rap,Hip Hop",0.813042039059914,89.0,Popular_Forever
Sweater Weather,The Neighbourhood,0.612,0.807,0.0336,0.0495,0.0177,0.101,0.398,0.43127056266003316,4,2013,"Pop,Rock",0.99430652101953,92.0,Popular_Forever
Another Love,Tom Odell,0.445,0.537,0.04,0.695,1.65e-05,0.0944,0.131,0.4219038378768758,4,2013,Pop,0.6154915590863953,92.0,Popular_Forever
I Aint Worried,OneRepublic,0.704,0.797,0.0475,0.0826,0.000745,0.0546,0.825,0.5475594721369119,4,2022,"Pop,Rock",0.7879510095994704,91.0,Popular_Forever
La Bachata,Manuel Turizo,0.835,0.679,0.0364,0.583,1.98e-06,0.218,0.85,0.438032987795537,4,2022,"Pop,Latino,Rap",0.8275405494869249,85.0,Popular_Forever
Lovin On Me,Jack Harlow,0.943,0.558,0.0568,0.0026,2.19e-06,0.0937,0.606,0.2921557327419556,4,2023,"Pop,Rap,Hip Hop",0.8552135054617677,95.0,Popular_Forever
Houdini,Dua Lipa,0.744,0.789,0.059,0.0036,0.00144,0.0947,0.866,0.3797098066106901,4,2023,Pop,0.857530619000331,93.0,Popular_Forever
greedy,Tate McRae,0.75,0.733,0.0319,0.256,0.0,0.114,0.844,0.33618079821419455,1,2023,"Pop,Hip Hop",0.969811320754717,100.0,Popular_Forever
Strangers,Kenya Grace,0.628,0.523,0.0946,0.701,0.00274,0.219,0.416,0.7663206425398124,4,2023,Pop,0.6303872889771599,97.0,Popular_Forever
Paint The Town Red,Doja Cat,0.868,0.538,0.174,0.269,3.34e-06,0.0901,0.732,0.25557152340586964,4,2023,Pop,0.6107911287653096,95.0,Popular_Forever
Dance The Night - From Barbie The Album,Dua Lipa,0.671,0.845,0.048,0.0207,0.0,0.329,0.775,0.3291630495838227,4,2023,Pop,0.8539556438265475,93.0,Popular_Forever
BOTH,"Tiësto, 21 Savage, BIA",0.69,0.933,0.0832,0.0252,2.51e-05,0.493,0.523,0.401609267513368,4,2023,"Pop,Latino,Rap,Hip Hop",0.9751737835153924,77.0,Semi_Popular
In The City,"Charli XCX, Sam Smith",0.736,0.754,0.0443,0.033,0.000599,0.0731,0.648,0.46039932594597355,4,2023,Pop,0.8190665342601788,78.0,Semi_Popular
Is It Over Now Taylors Version From The Vault,Taylor Swift,0.596,0.658,0.036,0.0504,0.0,0.127,0.176,0.2558925015137037,4,2023,Pop,0.6940086064217147,94.0,Popular_Forever
I Remember Everything feat Kacey Musgraves,"Zach Bryan, Kacey Musgraves",0.429,0.453,0.0459,0.554,2e-06,0.102,0.155,0.0926824286370832,4,2023,"Pop,Country",0.667527308838133,93.0,Popular_Forever
Lose Control,Teddy Swims,0.561,0.604,0.0337,0.199,1.9e-05,0.104,0.242,0.692918785243761,3,2023,hip hop,0.8884475339291626,84.0,Popular_Forever
vampire,Olivia Rodrigo,0.511,0.532,0.0578,0.177,0.0,0.291,0.35,0.5330498026714132,4,2023,Pop,0.8,94.0,Popular_Forever
When We Were Young The Logical Song,"David Guetta, Kim Petras",0.657,0.914,0.0523,0.0526,6.32e-06,0.109,0.502,0.5475229973519307,4,2023,"Pop,Hip Hop",0.8815623965574313,81.0,Semi_Popular
Nice to meet you feat Central Cee,"PinkPantheress, Central Cee",0.701,0.781,0.0532,0.0264,0.000833,0.0584,0.546,0.6081440899905897,4,2023,Pop,0.7449189010261503,78.0,Semi_Popular
Different Kind Of Beautiful,Alec Benjamin,0.522,0.427,0.0602,0.709,3.85e-06,0.135,0.644,0.29988838715795785,4,2023,"Pop,Rock,Hip Hop",0.6891757696127111,72.0,Semi_Popular
Cupid - Twin Ver,FIFTY FIFTY,0.783,0.592,0.0331,0.435,4.15e-06,0.347,0.726,0.4018354111802511,4,2023,Pop,0.6287322078781861,84.0,Popular_Forever
Better Things,aespa,0.782,0.767,0.0529,0.11,0.00323,0.496,0.548,0.36542628081207473,4,2023,Pop,0.8239655743131413,68.0,Not_so_popular
Eyes Closed,Ed Sheeran,0.793,0.52,0.0696,0.246,0.0,0.0878,0.309,0.30697179040129563,4,2023,Pop,0.6866600463422708,84.0,Popular_Forever
fukumean,Gunna,0.847,0.622,0.0903,0.119,0.0,0.285,0.22,0.4746609668736004,4,2023,"Rap,Hip Hop",0.7336643495531281,93.0,Popular_Forever
1035,"Tiësto, Tate McRae",0.696,0.793,0.097,0.0683,3.78e-06,0.18,0.698,0.4017259868253077,4,2022,"Pop,Hip Hop",0.8007944389275075,81.0,Semi_Popular
Cant Catch Me Now - from The Hunger Games The Ballad of Songbirds  Snakes,Olivia Rodrigo,0.518,0.368,0.0353,0.855,4.9e-06,0.119,0.234,0.5617116887095952,4,2023,Pop,0.6666004634227077,82.0,Semi_Popular
LALA,Myke Towers,0.708,0.737,0.0436,0.0739,0.00162,0.0955,0.607,0.19734317666197365,4,2023,"Latino,Rap",0.9125455147302218,95.0,Popular_Forever
Vertigo,Griff,0.536,0.59,0.239,0.107,0.000351,0.129,0.257,0.8403863409225203,4,2023,Pop,0.745382323733863,72.0,Semi_Popular
Cruel Summer,Taylor Swift,0.552,0.702,0.157,0.117,2.06e-05,0.105,0.564,0.7664081820237671,4,2019,Pop,0.8025157232704403,99.0,Popular_Forever
City Boys,Burna Boy,0.808,0.634,0.172,0.0851,0.0,0.127,0.569,0.25602381073963576,4,2023,"Pop,Hip Hop",0.732538894405826,82.0,Semi_Popular
My Love Mine All Mine,Mitski,0.504,0.308,0.0321,0.868,0.135,0.158,0.121,0.35756961212713656,4,2023,Rock,0.1900695134061569,98.0,Popular_Forever
adore u,"Fred again.., Obongjayar",0.747,0.867,0.088,0.582,0.00413,0.114,0.684,0.4309933542941765,4,2023,"Hip Hop,Jazz",0.6963257199602781,82.0,Semi_Popular
Big FU,"David Guetta, Ayra Starr, Lil Durk",0.774,0.711,0.18,0.243,0.00052,0.0732,0.612,0.4392001809149336,4,2023,"Pop,Rap,Hip Hop",0.6526977821913275,74.0,Semi_Popular
Water,Tyla,0.673,0.722,0.0755,0.0856,0.0,0.137,0.519,0.38118338792392825,4,2023,"pop, r&b",0.9489572989076464,95.0,Popular_Forever
Cobra,Megan Thee Stallion,0.816,0.649,0.242,0.709,0.0,0.52,0.686,0.5334218454782211,4,2023,"Pop,Rap,Jazz",0.8413770274743463,79.0,Semi_Popular
Speed Drive From Barbie The Album,Charli XCX,0.652,0.879,0.0784,0.00284,0.0896,0.0918,0.789,0.7950846579759414,4,2023,Pop,0.7563058589870904,83.0,Semi_Popular
Stick Season,Noah Kahan,0.662,0.488,0.0682,0.782,0.0,0.102,0.817,0.3864795267031901,4,2022,Rock,0.7239324726911619,92.0,Popular_Forever
Barbie World with Aqua From Barbie The Album,"Nicki Minaj, Ice Spice, Aqua",0.77,0.58,0.247,0.519,0.000127,0.233,0.753,0.5773083067675318,4,2023,"Pop,Rap,Hip Hop",0.6246938099966899,88.0,Popular_Forever
Snooze,SZA,0.559,0.551,0.132,0.141,0.0,0.11,0.392,0.5695464725235446,4,2022,"Pop,Rap,Jazz",0.7016219794769945,92.0,Popular_Forever
Youre Hired feat Ayra Starr,"NEIKED, Ayra Starr",0.743,0.717,0.0422,0.0562,0.0,0.144,0.853,0.29948716452316515,4,2023,Pop,0.8670638861304204,65.0,Not_so_popular
Popular with Playboi Carti  Madonna - Music from the HBO Original Series,"The Weeknd, Playboi Carti, Madonna",0.855,0.678,0.189,0.0569,3.69e-05,0.412,0.852,0.248721558786411,4,2023,"Pop,Rap,Hip Hop,Jazz",0.7648460774577954,91.0,Popular_Forever
Low Tide,iann dior,0.411,0.494,0.0329,0.386,0.0,0.271,0.334,0.07181885162786972,4,2023,Rap,0.6975835815954983,63.0,Not_so_popular
Oh U Went feat Drake,"Young Thug, Drake",0.808,0.789,0.236,0.0517,0.0,0.0819,0.465,0.5184963634639373,4,2023,"Pop,Rap,Hip Hop",0.7910625620655413,78.0,Semi_Popular
Lay Low,Tiësto,0.534,0.855,0.183,0.0607,0.000263,0.346,0.42,0.4167317133665498,4,2023,"Pop,Hip Hop",0.8544190665342601,81.0,Semi_Popular
Boys a liar Pt 2,"PinkPantheress, Ice Spice",0.696,0.809,0.05,0.252,0.000128,0.248,0.857,0.4962613345394329,4,2023,Pop,0.6338960609069846,86.0,Popular_Forever
Strong Enough feat Bailey Zimmerman,"Jonas Brothers, Bailey Zimmerman",0.754,0.816,0.0584,0.208,0.0,0.0491,0.653,0.4460720304053808,4,2023,"Pop,Country",0.8368090036411784,75.0,Semi_Popular
Endless Fashion feat Nicki Minaj,"Lil Uzi Vert, Nicki Minaj",0.731,0.605,0.19,0.067,7.7e-06,0.177,0.413,0.4961446152274933,4,2023,"Pop,Rap,Hip Hop",0.8486593843098312,74.0,Semi_Popular
UNHEALTHY feat Shania Twain,"Anne-Marie, Shania Twain",0.621,0.66,0.0366,0.00526,0.0,0.072,0.407,0.4012445196635567,4,2023,"Pop,Country",0.7693478980470043,43.0,Not_so_popular
Gimme Love,Sia,0.284,0.755,0.05,0.00335,0.00195,0.103,0.199,0.20754152654270108,4,2023,Pop,0.9721284342932804,82.0,Semi_Popular
What Was I Made For,Billie Eilish,0.371,0.0844,0.0378,0.955,0.0,0.0983,0.0967,0.3822776314733626,3,2023,Pop,0.0,0.0,Not_so_popular
Big 7,Burna Boy,0.661,0.86,0.321,0.168,0.0,0.0958,0.605,0.8106666861198855,4,2023,"Pop,Hip Hop",0.7833829857663026,55.0,Not_so_popular
Piscina,"Maria Becerra, Chencho Corleone, Ovy On The Drums",0.761,0.827,0.0659,0.385,6.42e-05,0.095,0.568,0.2340732851379842,4,2023,"Pop,Latino,Rap",0.9030122476001324,84.0,Popular_Forever
Seven feat Latto Clean Ver,"Jung Kook, Latto",0.776,0.831,0.0457,0.316,0.0,0.0688,0.891,0.4380767575375144,4,2023,"Pop,Rap",0.9171797418073486,85.0,Popular_Forever
One in a Million,"Bebe Rexha, David Guetta",0.454,0.931,0.0321,0.238,0.000623,0.289,0.462,0.5326121052516395,4,2023,"Pop,Hip Hop",0.9100297914597816,82.0,Semi_Popular
Calm Down with Selena Gomez,"Rema, Selena Gomez",0.801,0.806,0.0381,0.382,0.000669,0.114,0.802,0.3068623660463522,4,2022,Pop,0.8356835484938763,90.0,Popular_Forever
What Was,Benson Boone,0.633,0.612,0.0515,0.331,0.0,0.117,0.335,0.4009089516417301,4,2023,Pop,0.8249586229725256,58.0,Not_so_popular
Bongos feat Megan Thee Stallion,"Cardi B, Megan Thee Stallion",0.726,0.738,0.355,0.0791,0.0,0.0297,0.896,0.4159511529679534,4,2023,"Pop,Rap,Jazz",0.863356504468719,81.0,Semi_Popular
La Bebe - Remix,"Yng Lvcas, Peso Pluma",0.812,0.479,0.333,0.213,1.21e-06,0.0756,0.559,0.7658829451200386,4,2023,Latino,0.80443561734525,90.0,Popular_Forever
Rock My Body,"R3HAB, INNA, Sash!",0.662,0.821,0.13,0.202,0.0,0.522,0.47,0.43144564162794263,4,2023,"Pop,Hip Hop",0.9087057265806024,80.0,Semi_Popular
Religiously,Bailey Zimmerman,0.57,0.67,0.0274,0.426,0.0,0.108,0.593,0.5543437821434043,4,2023,"Pop,Country",0.7487586891757696,84.0,Popular_Forever
0800 HEAVEN,"Nathan Dawe, Joel Corry, Ella Henderson",0.644,0.836,0.111,0.183,1.71e-06,0.343,0.21,0.5477126662338325,4,2023,Pop,0.9100297914597816,46.0,Not_so_popular
Im Good Blue,"David Guetta, Bebe Rexha",0.561,0.965,0.0343,0.00383,7.07e-06,0.371,0.304,0.46035555620399615,4,2022,"Pop,Hip Hop",0.9371731214829526,91.0,Popular_Forever
Old Town Road - Remix,"Lil Nas X, Billy Ray Cyrus",0.878,0.619,0.102,0.0533,0.0,0.113,0.639,0.5187225071308205,4,2019,"Rock,Hip Hop,Country",0.7300848841005549,78.0,Semi_Popular
7 rings,Ariana Grande,0.778,0.317,0.334,0.592,0.0,0.0881,0.327,0.5479533998147081,4,2019,Pop,0.3079497224942866,85.0,Popular_Forever
Without Me,Halsey,0.752,0.488,0.0705,0.297,9.11e-06,0.0936,0.533,0.5187225071308205,4,2018,"Rock,Pop",0.6084720861900097,76.0,Semi_Popular
Let Me Down Slowly,Alec Benjamin,0.652,0.557,0.0318,0.74,0.0,0.124,0.483,0.621085343701899,4,2018,"Rock,Pop,Hip Hop",0.7175155076722166,87.0,Popular_Forever
Shallow,"Lady Gaga, Bradley Cooper",0.572,0.385,0.0308,0.371,0.0,0.231,0.323,0.22515884768859296,4,2018,Pop,0.664626183480248,85.0,Popular_Forever
Sweet but Psycho,Ava Max,0.72,0.706,0.0473,0.0684,0.0,0.166,0.62,0.49655313281928215,4,2020,Pop,0.7987267384916747,86.0,Popular_Forever
Lost in the Fire feat The Weeknd,"Gesaffelstein, The Weeknd",0.658,0.671,0.0363,0.0933,0.000927,0.115,0.166,0.26285189048810564,4,2019,"Jazz,Pop",0.1873163565132222,84.0,Popular_Forever
Lover,Taylor Swift,0.359,0.543,0.0919,0.492,1.58e-05,0.118,0.453,0.026261845186422716,4,2019,Pop,0.5650506039830231,92.0,Popular_Forever
when the partys over,Billie Eilish,0.367,0.111,0.0972,0.978,3.97e-05,0.0897,0.198,0.12917909848921438,4,2019,Pop,0.0343617368592883,85.0,Popular_Forever
Ransom,Lil Tecca,0.745,0.642,0.287,0.0204,0.0,0.0658,0.226,0.8392118528461274,4,2019,Rap,0.673196212863206,84.0,Popular_Forever
Doin Time,Lana Del Rey,0.641,0.559,0.0355,0.404,0.00402,0.0937,0.523,0.5839467176340996,4,2019,Pop,0.2753019915115899,83.0,Semi_Popular
Wow,Post Malone,0.829,0.539,0.208,0.136,1.78e-06,0.103,0.388,0.25551316374989974,4,2019,"Pop,Rap",0.5832517140058765,84.0,Popular_Forever
MIDDLE CHILD,J. Cole,0.837,0.364,0.276,0.149,0.0,0.271,0.463,0.4307672106272934,4,2019,"Hip Hop,Rap",0.2278811622592229,83.0,Semi_Popular
a lot,21 Savage,0.837,0.636,0.086,0.0395,0.00125,0.342,0.274,0.5911687250603659,4,2018,"Hip Hop,Rap",0.5600718250081619,83.0,Semi_Popular
Bruises,Lewis Capaldi,0.736,0.308,0.0677,0.946,0.0,0.186,0.361,0.33752307030150064,4,2019,Pop,0.5448090107737511,83.0,Semi_Popular
thank u next,Ariana Grande,0.717,0.653,0.0658,0.229,0.0,0.101,0.412,0.3066216324654767,4,2019,Pop,0.724045053868756,82.0,Semi_Popular
Lose You To Love Me,Selena Gomez,0.488,0.343,0.0436,0.556,0.0,0.21,0.0978,0.2763694458021171,4,2020,Pop,0.4505386875612145,82.0,Semi_Popular
You Need To Calm Down,Taylor Swift,0.771,0.671,0.0553,0.00929,0.0,0.0637,0.714,0.14657027596822314,4,2019,Pop,0.7254325824355206,84.0,Popular_Forever
Better Now,Post Malone,0.68,0.578,0.04,0.331,0.0,0.135,0.341,0.5843552352258885,4,2018,"Pop,Rap",0.7101697682011099,83.0,Semi_Popular
High Hopes,Panic! At The Disco,0.579,0.904,0.0618,0.193,0.0,0.064,0.681,0.12459786549558294,4,2018,"Rock,Pop",0.9611492001305908,82.0,Semi_Popular
EARFQUAKE,"Tyler, The Creator",0.554,0.498,0.0685,0.23,5.98e-06,0.795,0.413,0.10724316280155533,4,2019,"Hip Hop,Rap",0.4602513875285667,82.0,Semi_Popular
Robbery,Juice WRLD,0.623,0.692,0.0504,0.328,0.0,0.153,0.566,0.10916903144855972,4,2019,Rap,0.7658341495266078,82.0,Semi_Popular
Sucker,Jonas Brothers,0.842,0.734,0.0588,0.0427,0.0,0.106,0.952,0.5327069396925905,4,2019,Pop,0.770486451191642,81.0,Semi_Popular
Going Bad feat Drake,"Meek Mill, Drake",0.889,0.496,0.0905,0.259,0.0,0.252,0.544,0.15369744895353843,4,2018,"Pop,Hip Hop,Rap",0.6643813254978778,81.0,Semi_Popular
boyfriend with Social House,"Ariana Grande, Social House",0.4,0.795,0.461,0.119,0.0,0.159,0.702,0.9130587025189487,4,2019,Pop,0.8793666340189356,80.0,Semi_Popular
Hold Me While You Wait,Lewis Capaldi,0.688,0.53,0.0333,0.443,0.0,0.0995,0.162,0.3065632728095068,4,2019,Pop,0.7344107084557623,80.0,Semi_Popular
Pop Out feat Lil Tjay,"Polo G, Lil Tjay",0.772,0.639,0.467,0.15,0.0,0.0698,0.261,0.7526790729568649,4,2019,Rap,0.6028403525954945,80.0,Semi_Popular
Goodbyes feat Young Thug,"Post Malone, Young Thug",0.548,0.653,0.081,0.456,0.0,0.103,0.163,0.6210488689169178,4,2019,"Pop,Hip Hop,Rap",0.8676134508651647,81.0,Semi_Popular
Location feat Burna Boy,"Dave, Burna Boy",0.812,0.496,0.297,0.271,0.0,0.0955,0.55,0.32860133789511314,4,2019,"Pop,Hip Hop",0.6967025791707475,79.0,Semi_Popular
Con Calma,"Daddy Yankee, Snow",0.737,0.86,0.0593,0.11,1.94e-06,0.0574,0.656,0.21195497552541942,4,2019,"Latino,Hip Hop,Rap",0.96743388834476,79.0,Semi_Popular
Money In The Grave Drake ft Rick Ross,"Drake, Rick Ross",0.831,0.502,0.046,0.101,0.0,0.122,0.101,0.2597515337647085,4,2019,"Pop,Hip Hop,Rap",0.8537381651975187,79.0,Semi_Popular
MIA,"Bad Bunny, Drake",0.816,0.538,0.0617,0.0142,0.000496,0.099,0.156,0.2343140187188597,4,2018,"Latino,Pop,Hip Hop,Rap",0.6652791380999019,79.0,Semi_Popular
Look Back at It,A Boogie Wit da Hoodie,0.791,0.587,0.0413,0.407,0.0,0.148,0.536,0.22704094659361995,4,2018,Rap,0.7696702579170747,78.0,Semi_Popular
ZEZE feat Travis Scott  Offset,"Kodak Black, Offset, Travis Scott",0.861,0.603,0.176,0.0521,0.0,0.0924,0.504,0.24152873118812979,4,2018,"Latino,Pop,Hip Hop,Rap",0.7114756774404178,78.0,Semi_Popular
Please Me,"Cardi B, Bruno Mars",0.747,0.57,0.081,0.0642,0.0,0.0832,0.65,0.5037751402455483,4,2019,"Pop,Rap",0.6361410381978452,78.0,Semi_Popular
break up with your girlfriend im bored,Ariana Grande,0.726,0.554,0.0917,0.0421,0.0,0.106,0.335,0.7664446568087482,4,2019,Pop,0.7521221025138751,78.0,Semi_Popular
Boy With Luv feat Halsey,"BTS, Halsey",0.645,0.862,0.0845,0.0933,0.0,0.193,0.803,0.40131746923351896,4,2019,"Rock,Pop",0.7952987267384916,77.0,Semi_Popular
Nights Like This feat Ty Dolla ign,"Kehlani, Ty Dolla $ign",0.61,0.725,0.15,0.367,0.0,0.154,0.291,0.5925620618466456,4,2019,"Jazz,Pop,Hip Hop,Rap",0.7650995755794971,77.0,Semi_Popular
im so tired,"Lauv, Troye Sivan",0.548,0.735,0.236,0.173,0.0,0.195,0.498,0.264938248189027,4,2020,Pop,0.5658667972575905,77.0,Semi_Popular
Old Town Road,Lil Nas X,0.907,0.53,0.127,0.0578,2.23e-06,0.101,0.507,0.5184088239799827,4,2019,Hip Hop,0.6850310153444334,77.0,Semi_Popular
10000 Hours with Justin Bieber,"Dan + Shay, Justin Bieber",0.654,0.63,0.0259,0.153,0.0,0.111,0.43,0.18278973745449778,4,2019,"Pop,Country",0.8048481880509304,77.0,Semi_Popular
Callaita,"Bad Bunny, Tainy",0.61,0.624,0.309,0.6,2.12e-06,0.243,0.244,0.8114545414754781,4,2019,"Pop,Latino,Rap",0.7943192948090108,76.0,Semi_Popular
China,"Anuel AA, Daddy Yankee, KAROL G, J Balvin, Ozuna",0.786,0.808,0.0882,0.0846,0.000289,0.0822,0.609,0.29247671084978966,4,2019,"Latino,Pop,Hip Hop,Rap",0.8817335945151811,76.0,Semi_Popular
Dont Call Me Up,Mabel,0.674,0.881,0.147,0.296,3.01e-06,0.0793,0.234,0.248466235291543,4,2019,Pop,0.9510284035259547,76.0,Semi_Popular
Pure Water with Migos,"Mustard, Migos",0.682,0.559,0.127,0.174,0.0,0.344,0.137,1.0,4,2019,"Pop,Hip Hop,Rap",0.731309174012406,76.0,Semi_Popular
bury a friend,Billie Eilish,0.905,0.389,0.332,0.74,0.162,0.106,0.196,0.4020396699761456,4,2019,Pop,0.0,76.0,Semi_Popular
Higher Love,"Kygo, Whitney Houston",0.693,0.678,0.0324,0.0151,5.71e-06,0.101,0.404,0.284634632078844,4,2019,"Pop,Hip Hop",0.5995755794972248,76.0,Semi_Popular
Nothing Breaks Like a Heart feat Miley Cyrus,"Mark Ronson, Miley Cyrus",0.601,0.794,0.0671,0.00987,1.36e-06,0.388,0.244,0.35841582713869913,4,2018,"Jazz,Pop",0.7069049951028402,75.0,Semi_Popular
Soltera Remix,"Lunay, Daddy Yankee, Bad Bunny",0.795,0.783,0.0432,0.361,0.0,0.437,0.799,0.19751825562988312,4,2019,"Latino,Hip Hop,Rap",0.8352921971922951,75.0,Semi_Popular
Beautiful People feat Khalid,"Ed Sheeran, Khalid",0.64,0.647,0.186,0.124,0.0,0.0801,0.546,0.2045870689592285,4,2019,"Jazz,Pop",0.5216291217760364,75.0,Semi_Popular
Good as Hell,Lizzo,0.682,0.919,0.0875,0.256,0.0,0.442,0.535,0.2264938248189028,4,2019,"Pop,Hip Hop,Rap",0.9243388834476004,75.0,Semi_Popular
Here With Me,"Marshmello, CHVRCHES",0.791,0.565,0.0439,0.0623,0.0,0.156,0.181,0.255520458706896,4,2019,"Rock,Pop,Hip Hop",0.8628795298726737,89.0,Popular_Forever
Dancing With A Stranger with Normani,"Sam Smith, Normani",0.741,0.52,0.0656,0.45,1.97e-06,0.222,0.347,0.277675243104442,4,2019,"Jazz,Pop",0.5706823375775383,75.0,Semi_Popular
Swervin feat 6ix9ine,"A Boogie Wit da Hoodie, 6ix9ine",0.581,0.662,0.303,0.0153,0.0,0.111,0.434,0.20490804706706256,4,2018,Rap,0.7562846882141689,75.0,Semi_Popular
SOS feat Aloe Blacc,"Avicii, Aloe Blacc",0.802,0.645,0.0715,0.272,0.0,0.119,0.376,0.25581225698674515,4,2019,"Jazz,Pop,Hip Hop",0.6793992817499183,75.0,Semi_Popular
Kill This Love,BLACKPINK,0.763,0.835,0.191,0.323,0.00221,0.225,0.645,0.48833171628453254,4,2019,Pop,0.7566927848514526,75.0,Semi_Popular
Shotta Flow feat Blueface Remix,"NLE Choppa, Blueface",0.894,0.511,0.421,0.0251,0.0,0.14,0.567,0.4022658136430286,4,2019,"Hip Hop,Rap",0.7947273914462945,75.0,Semi_Popular
3 Nights,Dominic Fike,0.815,0.518,0.0897,0.223,0.0,0.104,0.877,0.6343475755210424,4,2018,"Rock,Pop",0.6456904995102839,74.0,Semi_Popular
Secreto,"Anuel AA, KAROL G",0.807,0.803,0.126,0.602,0.00853,0.136,0.706,0.1973504716189698,4,2019,"Latino,Rap",0.8446784198498203,74.0,Semi_Popular
Calma - Remix,"Pedro Capó, Farruko",0.826,0.773,0.0524,0.323,0.0,0.143,0.761,0.4520320102712996,4,2018,"Pop,Latino,Rap",0.8396180215475023,74.0,Semi_Popular
Bohemian Rhapsody - Remastered 2011,Queen,0.392,0.402,0.0536,0.288,0.0,0.243,0.228,0.5759295598952445,4,1975,Rock,0.3708782239634344,74.0,Semi_Popular
Truth Hurts,Lizzo,0.715,0.624,0.114,0.11,0.0,0.123,0.412,0.6795471290696742,4,2019,"Pop,Hip Hop,Rap",0.9352758733268036,74.0,Semi_Popular
Piece Of Your Heart,"MEDUZA, Goodboys",0.677,0.744,0.0295,0.0404,0.00016,0.074,0.631,0.4314675264989314,4,2019,"Pop,Hip Hop",0.6283872020894546,74.0,Semi_Popular
Grace,Lewis Capaldi,0.722,0.565,0.0335,0.435,0.0,0.165,0.488,0.2885082542438413,4,2019,Pop,0.7065785177930133,74.0,Semi_Popular
Adan y Eva,Paulo Londra,0.767,0.709,0.336,0.323,0.0,0.0745,0.72,0.7809908010592279,4,2019,"Latino,Hip Hop,Rap",0.8190499510284035,74.0,Semi_Popular
So Am I,Ava Max,0.681,0.657,0.0432,0.0748,0.0,0.353,0.628,0.47530292308926847,4,2020,Pop,0.8026444662095983,73.0,Semi_Popular
One Thing Right,"Marshmello, Kane Brown",0.659,0.625,0.045,0.0644,0.0,0.582,0.442,0.16857186626884846,4,2019,"Pop,Hip Hop,Country",1.0,73.0,Semi_Popular
Taki Taki feat Selena Gomez Ozuna  Cardi B,"DJ Snake, Selena Gomez, Ozuna, Cardi B",0.842,0.801,0.228,0.157,4.82e-06,0.0642,0.617,0.22575703416228365,4,2019,"Latino,Pop,Hip Hop,Rap",0.8437806072477962,73.0,Semi_Popular
My Type,Saweetie,0.899,0.811,0.258,0.000677,0.0,0.0672,0.587,0.2925569553767481,4,2019,Rap,0.6701762977473065,73.0,Semi_Popular
Otro Trago,"Sech, Darell",0.746,0.7,0.341,0.136,0.000159,0.11,0.619,0.8105426718509496,4,2019,"Latino,Pop,Hip Hop,Rap",0.8028077048645118,72.0,Semi_Popular
Money,Cardi B,0.95,0.59,0.29,0.00534,0.0,0.11,0.219,0.47467555678759266,4,2018,"Pop,Rap",0.6527097616715637,72.0,Semi_Popular
How Do You Sleep,Sam Smith,0.477,0.682,0.0925,0.153,0.0,0.0763,0.345,0.33289077260889544,5,2019,Pop,0.7814234410708454,72.0,Semi_Popular
Only Human,Jonas Brothers,0.795,0.496,0.0722,0.108,0.0,0.0645,0.874,0.21210816962234014,4,2019,Pop,0.7037218413320273,72.0,Semi_Popular
Talk feat Disclosure,"Khalid, Disclosure",0.9,0.4,0.127,0.0516,0.0,0.0599,0.346,0.5183066945820356,4,2019,"Rock,Jazz,Pop,Hip Hop",0.4840026118184786,72.0,Semi_Popular
Leave Me Alone,Flipp Dinero,0.792,0.743,0.0851,0.107,0.0,0.183,0.742,0.6207278908090839,4,2019,Rap,0.9548645119164216,72.0,Semi_Popular
Panini,Lil Nas X,0.703,0.594,0.0752,0.342,0.0,0.123,0.475,0.6486238063626617,4,2019,Hip Hop,0.6822559582109042,72.0,Semi_Popular
Suge,DaBaby,0.876,0.662,0.426,0.0608,0.0,0.127,0.844,0.07667729298735781,4,2019,"Pop,Hip Hop,Rap",0.654831864185439,71.0,Semi_Popular
Slide Away,Miley Cyrus,0.534,0.538,0.0327,0.173,2.82e-06,0.248,0.289,0.6060796171606568,4,2019,Pop,0.6392425726412013,71.0,Semi_Popular
Giant with RagnBone Man,"Calvin Harris, Rag'n'Bone Man",0.807,0.887,0.0361,0.016,0.000503,0.0811,0.606,0.4164034403017195,4,2019,"Jazz,Pop,Hip Hop",0.8320274240940253,71.0,Semi_Popular
Lost Without You,Freya Ridings,0.386,0.136,0.0458,0.932,0.0,0.0653,0.0976,0.015188100466147825,3,2019,Pop,0.4275220372184133,70.0,Not_so_popular
emotions,iann dior,0.63,0.631,0.0396,0.0129,0.0,0.142,0.163,0.11364084008724773,4,2019,Rap,0.676950701926216,70.0,Not_so_popular
Motivation,Normani,0.599,0.887,0.0984,0.0192,1.21e-06,0.3,0.881,0.7731487222882822,4,2019,"Jazz,Pop",0.8601044727391445,70.0,Not_so_popular
Better,Khalid,0.695,0.586,0.0658,0.102,0.317,0.113,0.112,0.2414703715321599,4,2018,"Jazz,Pop",0.3419849820437479,72.0,Semi_Popular
Never Really Over,Katy Perry,0.77,0.882,0.0602,0.194,0.0,0.316,0.385,0.25573930741678286,4,2019,Pop,0.7927685275873326,70.0,Not_so_popular
Easier,5 Seconds of Summer,0.562,0.46,0.259,0.476,0.0,0.107,0.623,0.8106229163779082,4,2020,Pop,0.8432908912830557,70.0,Not_so_popular
If I Cant Have You,Shawn Mendes,0.692,0.809,0.0602,0.524,0.0,0.147,0.864,0.43023467876656873,4,2019,Pop,0.8412504080966372,70.0,Not_so_popular
Ladbroke Grove,AJ Tracey,0.902,0.839,0.208,0.0933,0.0,0.102,0.727,0.5037532553745597,4,2019,Hip Hop,0.4128305582761997,70.0,Not_so_popular
I Dont Care with Justin Bieber,"Ed Sheeran & Justin Bieber, Justin Bieber",0.798,0.676,0.0442,0.0902,0.0,0.0894,0.843,0.27007389791437186,4,2019,Pop,0.7724453150506039,69.0,Not_so_popular
The London feat J Cole  Travis Scott,"Young Thug, J. Cole, Travis Scott",0.796,0.586,0.147,0.0247,0.0,0.132,0.179,0.24107644385436344,4,2019,"Hip Hop,Rap",0.6169604962455109,69.0,Not_so_popular
we fell in love in october,girl in red,0.566,0.366,0.028,0.113,0.181,0.155,0.237,0.4743618736367551,4,2018,"Rock,Pop",0.1385079986940907,89.0,Popular_Forever
Natural,Imagine Dragons,0.704,0.611,0.0409,0.217,0.0,0.0812,0.22,0.2558049620297489,4,2018,"Rock,Pop",0.6850310153444334,83.0,Semi_Popular
Call Out My Name,The Weeknd,0.461,0.593,0.0356,0.17,0.0,0.307,0.175,0.505073642590877,3,2018,"Jazz,Pop",0.7795461965393404,88.0,Popular_Forever
Delicate,Taylor Swift,0.75,0.404,0.0682,0.216,0.000357,0.0911,0.0499,0.21965845011343665,4,2017,Pop,0.3531668299053214,87.0,Popular_Forever
Ric Flair Drip with Metro Boomin,"Offset, Metro Boomin",0.88,0.428,0.206,0.149,5.05e-05,0.114,0.333,0.25585602672872254,4,2017,"Pop,Hip Hop,Rap",0.5080803134182174,86.0,Popular_Forever
Gods Plan,Drake,0.754,0.449,0.109,0.0332,8.29e-05,0.552,0.357,0.08925379884885576,4,2018,"Pop,Hip Hop,Rap",0.4320927195559907,86.0,Popular_Forever
One Kiss with Dua Lipa,"Calvin Harris, Dua Lipa",0.791,0.862,0.11,0.037,2.19e-05,0.0814,0.592,0.4308401601972557,4,2018,"Pop,Hip Hop",0.9194417238001956,86.0,Popular_Forever
All The Stars with SZA,"Kendrick Lamar, SZA",0.698,0.633,0.0597,0.0605,0.000194,0.0926,0.552,0.23336567430935007,4,2018,"Jazz,Pop,Hip Hop,Rap",0.7801991511589943,86.0,Popular_Forever
rockstar feat 21 Savage,"Post Malone, 21 Savage",0.585,0.52,0.0712,0.124,7.01e-05,0.131,0.129,0.6920506853612098,4,2018,"Pop,Hip Hop,Rap",0.6830721514854716,85.0,Popular_Forever
Happier,"Marshmello, Bastille",0.687,0.792,0.0452,0.191,0.0,0.167,0.671,0.2558852065567073,4,2018,"Rock,Pop,Hip Hop",0.959516813581456,85.0,Popular_Forever
Moonlight,XXXTENTACION,0.921,0.537,0.0804,0.556,0.00404,0.102,0.711,0.46012941253711304,4,2018,"Hip Hop,Rap",0.716780933725106,84.0,Popular_Forever
Djala Que Vuelva feat Manuel Turizo,"Piso 21, Manuel Turizo",0.681,0.788,0.0785,0.0482,0.0,0.0753,0.839,0.7665905559486728,4,2018,"Pop,Latino,Rap",0.8310479921645444,84.0,Popular_Forever
I Like Me Better,Lauv,0.753,0.505,0.255,0.534,2.58e-06,0.104,0.419,0.19724104726402636,4,2018,Pop,0.5618674502122101,84.0,Popular_Forever
LOVE FEAT ZACARI,"Kendrick Lamar, Zacari",0.8,0.585,0.0924,0.264,0.0,0.153,0.779,0.44589695143747143,4,2017,"Hip Hop,Rap",0.5845576232451843,85.0,Popular_Forever
Yes Indeed,"Lil Baby, Drake",0.963,0.346,0.53,0.0355,0.0,0.108,0.562,0.40139041880348114,4,2018,"Pop,Hip Hop,Rap",0.4240940254652301,83.0,Semi_Popular
2002,Anne-Marie,0.697,0.683,0.117,0.0372,0.0,0.137,0.603,0.22759536332533326,4,2018,Pop,0.948743062357166,83.0,Semi_Popular
Let You Down,NF,0.662,0.714,0.121,0.312,0.0,0.179,0.464,0.6059410129777287,4,2017,"Pop,Hip Hop,Rap",0.7202905648057459,82.0,Semi_Popular
Silence,"Marshmello, Khalid",0.52,0.761,0.0853,0.256,4.96e-06,0.17,0.286,0.5619816021184556,4,2017,"Jazz,Pop,Hip Hop",0.9314397649363368,83.0,Semi_Popular
The Middle,"Zedd, Maren Morris, Grey",0.753,0.657,0.0449,0.171,0.0,0.112,0.437,0.30694261057331074,4,2018,"Pop,Hip Hop,Country",0.9340515834149524,82.0,Semi_Popular
SAD,XXXTENTACION,0.74,0.613,0.145,0.258,0.00372,0.123,0.473,0.07359882113494942,4,2018,"Hip Hop,Rap",0.7855860267711393,83.0,Semi_Popular
IDGAF,Dua Lipa,0.836,0.544,0.0943,0.0403,0.0,0.0824,0.51,0.23412434983695785,4,2017,Pop,0.6962128632060072,81.0,Semi_Popular
Nice For What,Drake,0.585,0.909,0.0707,0.0891,9.7e-05,0.119,0.758,0.2074539870587463,4,2018,"Pop,Hip Hop,Rap",0.6554848188050929,81.0,Semi_Popular
Him  I with Halsey,"G-Eazy, Halsey",0.589,0.731,0.0868,0.0534,0.0,0.308,0.191,0.16759434203135382,4,2017,"Rock,Pop,Hip Hop,Rap",0.6661769507019261,81.0,Semi_Popular
In My Mind,"Dynoro, Gigi D'Agostino",0.694,0.77,0.149,0.176,1.1e-05,0.118,0.163,0.44478082301704835,4,2018,Hip Hop,0.7484492327783219,81.0,Semi_Popular
Be Alright,Dean Lewis,0.553,0.586,0.0362,0.697,0.0,0.0813,0.443,0.4504635945171104,4,2018,Pop,0.6681358145608879,80.0,Semi_Popular
Mo Bamba,Sheck Wes,0.729,0.625,0.0315,0.194,0.00986,0.248,0.261,0.5916210123941319,4,2018,"Pop,Rap",0.754080966372837,80.0,Semi_Popular
Self Care,Mac Miller,0.52,0.538,0.206,0.367,0.00187,0.119,0.177,0.561419890429746,4,2018,"Pop,Hip Hop,Rap",0.5220372184133202,80.0,Semi_Popular
FRIENDS,"Marshmello, Anne-Marie",0.626,0.88,0.0504,0.205,0.0,0.128,0.534,0.2199064786513084,4,2018,"Pop,Hip Hop",0.9893078681031668,80.0,Semi_Popular
Nonstop,Drake,0.912,0.412,0.123,0.0165,0.0126,0.104,0.423,0.6569035825533809,4,2018,"Pop,Hip Hop,Rap",0.5248938948743062,81.0,Semi_Popular
Wolves,"Selena Gomez, Marshmello",0.724,0.804,0.0448,0.124,0.0,0.204,0.306,0.43808405249451055,4,2017,"Pop,Hip Hop",0.8072967678746326,80.0,Semi_Popular
Nevermind,Dennis Lloyd,0.6,0.688,0.201,0.159,1.29e-05,0.409,0.0793,0.2556371780188357,4,2017,Pop,0.5032647730982696,80.0,Semi_Popular
changes,XXXTENTACION,0.669,0.308,0.029,0.883,0.0,0.0984,0.52,0.0,4,2018,"Hip Hop,Rap",0.3621449559255632,79.0,Semi_Popular
Psycho feat Ty Dolla ign,"Post Malone, Ty Dolla $ign",0.75,0.56,0.105,0.546,0.0,0.111,0.459,0.5480409392986629,4,2018,"Jazz,Pop,Hip Hop,Rap",0.5232615083251714,79.0,Semi_Popular
I Like It,"Cardi B, Bad Bunny, J Balvin",0.816,0.726,0.129,0.099,0.0,0.372,0.65,0.5187735718297941,4,2018,"Pop,Latino,Rap",0.8575742735879854,79.0,Semi_Popular
God is a woman,Ariana Grande,0.602,0.658,0.0558,0.0233,6e-05,0.237,0.268,0.584304170526915,4,2018,Pop,0.6995592556317335,79.0,Semi_Popular
Shotgun,George Ezra,0.673,0.735,0.0457,0.286,0.0,0.242,0.754,0.3706567649783705,4,2018,Pop,0.7975840679072803,78.0,Semi_Popular
Vaina Loca,"Ozuna, Manuel Turizo",0.754,0.805,0.0752,0.315,0.0,0.203,0.555,0.21190391082644577,4,2018,"Pop,Latino,Rap",0.8370878223963434,78.0,Semi_Popular
Stir Fry,Migos,0.817,0.816,0.269,0.00263,0.0,0.159,0.508,0.8538601264945545,4,2018,"Pop,Hip Hop,Rap",0.7429807378387201,78.0,Semi_Popular
Let Me Go with Alesso Florida Georgia Line  watt,"Hailee Steinfeld, Alesso, Florida Georgia Line, WATT",0.664,0.708,0.0474,0.0337,0.0,0.0841,0.742,0.2782004800081703,4,2017,"Rock,Pop,Hip Hop,Country",0.8448416585047338,78.0,Semi_Popular
Finesse - Remix feat Cardi B,"Bruno Mars, Cardi B",0.704,0.859,0.0996,0.0185,0.0,0.0215,0.926,0.29311866706545764,4,2017,"Pop,Rap",0.7858308847535096,77.0,Semi_Popular
How Long,Charlie Puth,0.845,0.561,0.0778,0.211,3.49e-06,0.0383,0.811,0.3285648631101321,4,2018,Pop,0.7551420176297746,77.0,Semi_Popular
no tears left to cry,Ariana Grande,0.699,0.713,0.0594,0.04,3.11e-06,0.294,0.354,0.4162429512478024,4,2018,Pop,0.7344107084557623,79.0,Semi_Popular
In My Feelings,Drake,0.835,0.626,0.125,0.0589,6e-05,0.396,0.35,0.1903691977735792,4,2018,"Pop,Hip Hop,Rap",0.7078028077048644,77.0,Semi_Popular
Te Bot - Remix,"Nio Garcia, Casper Magico, Bad Bunny, Darell, Ozuna, Nicky Jam",0.903,0.675,0.214,0.542,1.28e-05,0.0595,0.442,0.2303236772419227,4,2018,"Latino,Pop,Hip Hop,Rap",0.9027097616715636,77.0,Semi_Popular
Walk It Talk It,"Migos, Drake",0.907,0.633,0.184,0.0876,2.6e-06,0.106,0.395,0.5907456175545844,4,2018,"Pop,Hip Hop,Rap",0.7639569049951027,77.0,Semi_Popular
Mine,Bazzi,0.71,0.789,0.0722,0.0161,2.77e-06,0.451,0.717,0.5689701709208426,4,2018,Pop,0.8676950701926215,77.0,Semi_Popular
Rewrite The Stars,"Zac Efron, Zendaya",0.684,0.619,0.0386,0.0716,0.0,0.122,0.284,0.43851445495728814,4,2017,Pop,0.6121449559255631,76.0,Semi_Popular
Love Lies with Normani,"Khalid, Normani",0.708,0.648,0.0449,0.0956,0.0,0.134,0.338,0.576454796798973,4,2018,"Jazz,Pop",0.7246980084884099,76.0,Semi_Popular
Bad At Love,Halsey,0.675,0.751,0.0296,0.0604,0.0,0.0893,0.612,0.3899154514484138,4,2017,"Rock,Pop",0.89503754489063,76.0,Semi_Popular
Trip,Ella Mai,0.477,0.61,0.144,0.225,0.0,0.107,0.358,0.10904501717962378,4,2018,"Jazz,Rap",0.7245347698334965,76.0,Semi_Popular
Taki Taki with Selena Gomez Ozuna  Cardi B,"DJ Snake, Selena Gomez, Ozuna, Cardi B",0.842,0.801,0.228,0.157,4.82e-06,0.0642,0.617,0.22575703416228365,4,2018,"Latino,Pop,Hip Hop,Rap",0.8437806072477962,76.0,Semi_Popular
Eastside with Halsey  Khalid,"benny blanco, Halsey, Khalid",0.56,0.68,0.321,0.555,0.0,0.116,0.319,0.1784127632567607,4,2018,"Rock,Jazz,Pop",0.5596637283708782,76.0,Semi_Popular
In My Blood,Shawn Mendes,0.622,0.712,0.066,0.0573,0.0,0.13,0.487,0.547785615803795,4,2018,Pop,0.5863532484492328,76.0,Semi_Popular
X,"Nicky Jam, J Balvin",0.594,0.749,0.056,0.0338,0.00106,0.3,0.694,0.8391680831041501,4,2019,"Latino,Hip Hop,Rap",0.7514691478942213,75.0,Semi_Popular
River feat Ed Sheeran,"Eminem, Ed Sheeran",0.748,0.749,0.516,0.142,0.0,0.0713,0.659,0.1835119381971244,4,2017,"Pop,Hip Hop,Rap",0.7010284035259549,75.0,Semi_Popular
Its Not Living If Its Not With You,The 1975,0.618,0.837,0.0304,0.000254,0.000378,0.0618,0.526,0.41065501418869144,4,2018,"Rock,Pop",0.7482043747959516,75.0,Semi_Popular
Saturday Sun,Vance Joy,0.637,0.864,0.0468,0.484,0.0,0.222,0.706,0.25576848724476775,4,2018,"Rock,Pop",0.8263140711720534,75.0,Semi_Popular
Meant to Be feat Florida Georgia Line,"Bebe Rexha, Florida Georgia Line",0.643,0.783,0.0856,0.047,0.0,0.083,0.579,0.6503454162137716,4,2017,"Rock,Pop,Country",0.6567907280444008,75.0,Semi_Popular
Never Be the Same,Camila Cabello,0.637,0.713,0.0747,0.181,0.000637,0.137,0.243,0.47409196022789457,4,2018,Pop,0.830231798889977,75.0,Semi_Popular
These Days feat Jess Glynne Macklemore  Dan Caplen,"Rudimental, Jess Glynne, Macklemore, Dan Caplen",0.653,0.809,0.0474,0.194,0.0,0.165,0.55,0.19899913190011742,4,2018,"Jazz,Pop,Hip Hop,Rap",0.8527587332680377,74.0,Semi_Popular
Me Niego feat Ozuna  Wisin,"Reik, Ozuna, Wisin",0.777,0.782,0.0907,0.0505,0.0,0.64,0.773,0.21220300406329107,4,2019,"Pop,Latino,Rap",0.8219066274893894,74.0,Semi_Popular
Leave a Light On,Tom Walker,0.586,0.624,0.113,0.0153,1.78e-06,0.133,0.267,0.029486216178755686,4,2017,"Rock,Pop",0.6985798237022527,74.0,Semi_Popular
Tequila,Dan + Shay,0.489,0.581,0.0281,0.0312,0.0,0.132,0.494,0.15379228339448947,4,2018,Country,0.716127979105452,74.0,Semi_Popular
Look Alive feat Drake,"BlocBoy JB, Drake",0.918,0.58,0.322,0.00108,6.12e-05,0.106,0.611,0.5474354578679759,4,2018,"Pop,Hip Hop,Rap",0.5716617695070192,74.0,Semi_Popular
Bodak Yellow,Cardi B,0.926,0.703,0.103,0.0659,0.0,0.231,0.485,0.43833937598937867,4,2018,"Pop,Rap",0.6666666666666666,73.0,Semi_Popular
Home with Machine Gun Kelly X Ambassadors  Bebe Rexha,"Machine Gun Kelly, X Ambassadors, Bebe Rexha",0.653,0.718,0.213,0.00413,0.0,0.0537,0.216,0.12474376463550751,4,2017,"Rock,Pop,Hip Hop,Rap",0.7568560235063662,73.0,Semi_Popular
Lets Fall in Love for the Night,FINNEAS,0.737,0.408,0.104,0.802,0.0,0.171,0.374,0.4594655714504564,4,2019,"Rock,Pop,Hip Hop",0.5357492654260528,73.0,Semi_Popular
This Feeling,"The Chainsmokers, Kelsea Ballerini",0.575,0.571,0.0439,0.0558,0.0,0.0912,0.449,0.2926371999037066,4,2018,"Pop,Country",0.5386059418870388,73.0,Semi_Popular
Rise,"Jonas Blue, Jack & Jack",0.687,0.785,0.0333,0.327,0.0,0.203,0.655,0.2999102720289465,4,2018,Pop,0.8043584720861898,73.0,Semi_Popular
The Greatest Show,"Hugh Jackman, Keala Settle, Zac Efron, Zendaya, The Greatest Showman Ensemble",0.417,0.824,0.105,0.000239,0.0545,0.0725,0.4,0.678328871251304,4,2017,Pop,0.5831700946784197,73.0,Semi_Popular
Kings Dead with Kendrick Lamar Future  James Blake,"Jay Rock, Kendrick Lamar, Future, James Blake",0.645,0.705,0.299,0.000813,0.0,0.128,0.376,0.5266886001707021,4,2018,"Jazz,Pop,Rap,Rock,Hip Hop",0.7751387528566763,73.0,Semi_Popular
Plug Walk,Rich The Kid,0.876,0.519,0.143,0.202,0.0,0.108,0.158,0.21919157286567792,4,2018,"Hip Hop,Rap",0.6508325171400587,72.0,Semi_Popular
Taste feat Offset,"Tyga, Offset",0.884,0.559,0.12,0.0236,0.0,0.101,0.342,0.24117127829531448,4,2018,"Pop,Hip Hop,Rap",0.5764773098269669,72.0,Semi_Popular
Spotlight,"Marshmello, Lil Peep",0.546,0.822,0.151,0.0145,0.0,0.742,0.615,0.620990509260948,4,2018,"Pop,Hip Hop,Rap",0.8179888997714657,72.0,Semi_Popular
MotorSport,"Migos, Nicki Minaj, Cardi B",0.904,0.518,0.183,0.0305,0.0,0.325,0.188,0.5329841480584474,4,2018,"Pop,Hip Hop,Rap",0.749673522690173,72.0,Semi_Popular
Done for Me feat Kehlani,"Charlie Puth, Kehlani",0.856,0.632,0.074,0.193,0.0,0.0688,0.697,0.343410100597457,4,2018,"Jazz,Pop,Rap",0.8825497877897485,72.0,Semi_Popular
Corazn feat Nego do Borel,"Maluma, Nego do Borel",0.722,0.738,0.247,0.328,1.47e-05,0.198,0.748,0.9712578694348597,4,2018,"Pop,Latino,Rap",0.6882141691152464,72.0,Semi_Popular
Simple,Florida Georgia Line,0.362,0.882,0.0973,0.0791,0.0,0.15,0.864,0.9839219147803124,4,2019,"Rock,Pop,Country",0.8805093046033299,72.0,Semi_Popular
Say Something feat Chris Stapleton,"Justin Timberlake, Chris Stapleton",0.707,0.632,0.0789,0.103,1.09e-05,0.0841,0.372,0.23421188932091253,4,2018,"Pop,Country",0.6100228534116878,72.0,Semi_Popular
Jackie Chan,"Tiësto, Dzeko, Preme, Post Malone",0.747,0.834,0.045,0.374,0.0,0.0586,0.687,0.46010023270912825,4,2018,"Pop,Hip Hop,Rap",0.9498857329415604,72.0,Semi_Popular
1950,King Princess,0.6,0.535,0.107,0.648,4.7e-06,0.162,0.269,0.050904209919682586,4,2018,"Rock,Pop,Hip Hop",0.6090434214822069,71.0,Semi_Popular
Solo feat Demi Lovato,"Clean Bandit, Demi Lovato",0.737,0.636,0.0437,0.0441,6.66e-05,0.35,0.565,0.2923162217958726,4,2018,Pop,0.812846882141691,71.0,Semi_Popular
Back To You,Selena Gomez,0.6,0.683,0.0493,0.0984,1.26e-06,0.11,0.494,0.27065749447407017,4,2018,Pop,0.6720535422788115,71.0,Semi_Popular
Pray For Me with Kendrick Lamar,"The Weeknd, Kendrick Lamar",0.735,0.677,0.093,0.0762,2.17e-05,0.111,0.188,0.2600652169155464,4,2018,"Jazz,Pop,Hip Hop,Rap",0.7775057133529218,71.0,Semi_Popular
Dura,Daddy Yankee,0.783,0.84,0.051,0.174,0.0,0.412,0.839,0.2193374720056026,4,2018,"Latino,Hip Hop,Rap",0.9050767221678092,71.0,Semi_Popular
This Is America,Childish Gambino,0.854,0.463,0.137,0.117,0.0,0.354,0.549,0.4018791809222285,4,2018,"Hip Hop,Rap",0.6811949069539666,71.0,Semi_Popular
Be Careful,Cardi B,0.82,0.568,0.411,0.0256,0.0,0.0952,0.535,0.6371780188355791,4,2018,"Pop,Rap",0.5121612797910544,70.0,Not_so_popular
1 2 3 feat Jason Derulo  De La Ghetto,"Sofía Reyes, Jason Derulo, De La Ghetto",0.792,0.895,0.0589,0.165,0.0,0.0501,0.794,0.2190967384247271,4,2018,"Pop,Latino,Rap",0.9298889977146588,70.0,Not_so_popular
Bood Up,Ella Mai,0.561,0.779,0.0531,0.0862,0.0,0.078,0.235,0.12424041260276775,4,2017,"Jazz,Rap",0.767058439438459,69.0,Not_so_popular
You Make It Easy,Jason Aldean,0.542,0.571,0.028,0.156,0.0,0.101,0.506,0.48834630619852515,3,2018,"Rock,Country",0.7513875285667644,70.0,Not_so_popular
I Miss You feat Julia Michaels,"Clean Bandit, Julia Michaels",0.693,0.624,0.0448,0.299,7.64e-06,0.0955,0.369,0.2922943369248838,4,2018,Pop,0.5732125367286972,71.0,Semi_Popular
Im Upset,Drake,0.899,0.586,0.343,0.279,0.0,0.0836,0.492,0.6205674017551668,4,2018,"Pop,Hip Hop,Rap",0.5418707149853085,69.0,Not_so_popular
FEFE feat Nicki Minaj  Murda Beatz,"6ix9ine, Nicki Minaj, Murda Beatz",0.93,0.383,0.409,0.0896,0.0,0.119,0.385,0.4452331103508146,4,2018,"Pop,Hip Hop,Rap",0.4215638263140711,69.0,Not_so_popular
Youngblood,5 Seconds of Summer,0.596,0.854,0.463,0.0169,0.0,0.124,0.152,0.4037029201712856,4,2018,Pop,0.7664871041462618,69.0,Not_so_popular
Freaky Friday feat Chris Brown,"Lil Dicky, Chris Brown",0.755,0.599,0.224,0.147,0.0,0.109,0.755,0.49743582261582564,4,2018,"Rock,Jazz,Pop,Rap",0.7723636957231471,69.0,Not_so_popular
Shape of You,Ed Sheeran,0.825,0.652,0.0802,0.581,0.0,0.0931,0.931,0.22645735003392164,4,2017,Pop,0.92409402546523,88.0,Popular_Forever
Believer,Imagine Dragons,0.776,0.78,0.128,0.0622,0.0,0.081,0.666,0.4378068441286539,4,2017,"Rock,Pop",0.8268854064642506,89.0,Popular_Forever
Despacito,"Luis Fonsi, Daddy Yankee",0.655,0.797,0.153,0.198,0.0,0.067,0.839,0.824286370831844,4,2019,"Latino,Pop,Hip Hop,Rap",0.7931766242246163,81.0,Semi_Popular
Bad Things with Camila Cabello,"Machine Gun Kelly, Camila Cabello",0.697,0.691,0.146,0.214,0.0,0.185,0.305,0.5319409692079866,4,2017,"Pop,Hip Hop,Rap",0.7956252040483185,73.0,Semi_Popular
Rockabye feat Sean Paul  Anne-Marie,"Clean Bandit, Sean Paul, Anne-Marie",0.72,0.763,0.0523,0.406,0.0,0.18,0.742,0.2701395525273379,4,2016,"Pop,Rap",0.8518609206660136,76.0,Semi_Popular
Havana feat Young Thug,"Camila Cabello, Young Thug",0.765,0.523,0.03,0.184,3.56e-05,0.132,0.394,0.29219220752693664,4,2018,"Pop,Hip Hop,Rap",0.830231798889977,81.0,Semi_Popular
Thunder,Imagine Dragons,0.605,0.822,0.0438,0.00671,0.134,0.147,0.288,0.7518401529022989,4,2017,"Rock,Pop",0.7894221351616062,87.0,Popular_Forever
Dont Wanna Know feat Kendrick Lamar,"Maroon 5, Kendrick Lamar",0.783,0.61,0.0696,0.343,0.0,0.0983,0.418,0.2561478250085716,4,2018,"Pop,Hip Hop,Rap",0.6840515834149525,64.0,Not_so_popular
Something Just Like This,"The Chainsmokers, Coldplay",0.617,0.635,0.0317,0.0498,1.44e-05,0.164,0.446,0.27782843720136285,4,2017,Pop,0.6314071172053541,88.0,Popular_Forever
Perfect,Ed Sheeran,0.599,0.448,0.0232,0.163,0.0,0.106,0.168,0.2196949248984178,3,2017,Pop,0.6687071498530851,89.0,Popular_Forever
Thats What I Like,Bruno Mars,0.853,0.56,0.0406,0.013,0.0,0.0944,0.86,0.5043149670632693,4,2016,Pop,0.7789748612471432,89.0,Popular_Forever
Theres Nothing Holdin Me Back,Shawn Mendes,0.866,0.813,0.0554,0.38,0.0,0.0779,0.969,0.4162794260327837,4,2017,Pop,0.8522690173032973,88.0,Popular_Forever
Say You Wont Let Go,James Arthur,0.358,0.557,0.059,0.695,0.0,0.0902,0.494,0.1466942902371592,4,2016,Pop,0.5800685602350636,88.0,Popular_Forever
Attention,Charlie Puth,0.775,0.613,0.0542,0.109,2.33e-05,0.134,0.797,0.2562864291915,4,2018,Pop,0.8095821090434213,88.0,Popular_Forever
Look What You Made Me Do,Taylor Swift,0.766,0.709,0.123,0.204,1.41e-05,0.126,0.506,0.460574404913883,4,2017,Pop,0.6557296767874632,87.0,Popular_Forever
Too Good At Goodbyes,Sam Smith,0.681,0.372,0.0432,0.64,0.0,0.169,0.476,0.19651884652139984,4,2017,Pop,0.5115899444988572,87.0,Popular_Forever
Love On The Brain,Rihanna,0.509,0.637,0.0471,0.0717,1.08e-05,0.0789,0.378,0.7810856355001787,3,2016,Pop,0.7896669931439764,87.0,Popular_Forever
Unforgettable,"French Montana, Swae Lee",0.726,0.769,0.123,0.0293,0.0101,0.104,0.733,0.24110562368234845,4,2017,"Pop,Hip Hop,Rap",0.7722820763956904,86.0,Popular_Forever
Passionfruit,Drake,0.809,0.463,0.0396,0.256,0.085,0.109,0.364,0.3431985468445664,4,2017,"Pop,Hip Hop,Rap",0.2553052562846881,86.0,Popular_Forever
HUMBLE,Kendrick Lamar,0.908,0.621,0.102,0.000282,5.39e-05,0.0958,0.421,0.6206330563681328,4,2017,"Hip Hop,Rap",0.6420992491021873,86.0,Popular_Forever
Ready For It,Taylor Swift,0.613,0.764,0.136,0.0527,0.0,0.197,0.417,0.6936118061584027,4,2017,Pop,0.6526281423441069,85.0,Popular_Forever
Redbone,Childish Gambino,0.745,0.353,0.0983,0.174,0.00662,0.118,0.598,0.6943121220300406,4,2016,"Hip Hop,Rap",0.317580803134182,85.0,Popular_Forever
Sign of the Times,Harry Styles,0.516,0.595,0.0313,0.0275,0.0,0.109,0.222,0.4014998431584246,4,2017,Pop,0.8059908586353247,85.0,Popular_Forever
Jocelyn Flores,XXXTENTACION,0.872,0.391,0.242,0.469,4.13e-06,0.297,0.437,0.5039866939984389,4,2017,"Hip Hop,Rap",0.4375612144955925,84.0,Popular_Forever
Congratulations,"Post Malone, Quavo",0.63,0.804,0.0363,0.215,0.0,0.253,0.492,0.4246540366644539,4,2016,"Pop,Hip Hop,Rap",0.8424746980084883,84.0,Popular_Forever
I Dont Wanna Live Forever Fifty Shades Darker,"ZAYN, Taylor Swift",0.731,0.445,0.0533,0.0586,1.96e-05,0.14,0.106,0.38689533925197517,4,2017,Pop,0.4968168462291871,84.0,Popular_Forever
Whatever It Takes,Imagine Dragons,0.672,0.655,0.0311,0.0362,0.0,0.117,0.556,0.5107272342629541,4,2017,"Rock,Pop",0.7740777015997387,84.0,Popular_Forever
Bored,Billie Eilish,0.614,0.318,0.0478,0.896,0.00239,0.0795,0.112,0.40140500871747375,4,2017,Pop,0.1477309826967026,84.0,Popular_Forever
XO Tour Llif3,Lil Uzi Vert,0.732,0.75,0.231,0.00264,0.0,0.109,0.401,0.6577279126939548,4,2017,"Hip Hop,Rap",0.6642997061704211,84.0,Popular_Forever
No Lie,"Sean Paul, Dua Lipa",0.742,0.882,0.117,0.0466,0.0,0.206,0.463,0.27068667430205506,4,2018,"Pop,Rap",0.950293829578844,83.0,Semi_Popular
Mask Off,Future,0.833,0.434,0.431,0.0102,0.0219,0.165,0.281,0.6210050991749405,4,2017,"Hip Hop,Rap",0.4660463597779953,83.0,Semi_Popular
Mercy,Shawn Mendes,0.555,0.662,0.0827,0.125,0.0,0.111,0.356,0.6068966523442345,4,2017,Pop,0.779709435194254,83.0,Semi_Popular
BUTTERFLY EFFECT,Travis Scott,0.763,0.628,0.05,0.0531,0.0,0.114,0.193,0.5545918106812762,4,2018,"Hip Hop,Rap",0.7064152791380998,83.0,Semi_Popular
New Rules,Dua Lipa,0.762,0.7,0.0694,0.00261,1.56e-05,0.153,0.608,0.3730568058301297,4,2017,Pop,0.6924583741429969,83.0,Semi_Popular
Feel It Still,Portugal. The Man,0.801,0.795,0.0504,0.0417,0.000113,0.0717,0.754,0.10281512390484471,4,2017,Rock,0.7664054848188049,82.0,Semi_Popular
Magnolia,Playboi Carti,0.791,0.582,0.286,0.0114,0.0,0.35,0.443,0.715321598179179,4,2017,"Hip Hop,Rap",0.5861900097943191,82.0,Semi_Popular
24K Magic,Bruno Mars,0.818,0.803,0.0797,0.034,0.0,0.153,0.632,0.3066508122934616,4,2016,Pop,0.8343943845902708,82.0,Semi_Popular
More Than You Know,Axwell /\ Ingrosso,0.646,0.741,0.034,0.0275,0.0,0.312,0.571,0.4241506846317141,4,2017,"Pop,Hip Hop",0.7779954293176623,82.0,Semi_Popular
Little Dark Age,MGMT,0.705,0.712,0.0385,0.0102,0.000855,0.1,0.62,0.23765510902313236,4,2018,Rock,0.6814397649363368,82.0,Semi_Popular
I Feel It Coming,"The Weeknd, Daft Punk",0.773,0.819,0.118,0.428,0.0,0.0679,0.585,0.2046454286151983,4,2016,"Rock,Jazz,Pop",0.6985798237022527,81.0,Semi_Popular
Young Dumb  Broke,Khalid,0.799,0.539,0.0421,0.199,1.66e-05,0.165,0.394,0.5253390331263998,4,2017,"Jazz,Pop",0.6655239960822722,81.0,Semi_Popular
I Fall Apart,Post Malone,0.556,0.538,0.0382,0.0689,0.0,0.196,0.291,0.5764183220139918,4,2016,"Pop,Rap",0.7424910218739796,81.0,Semi_Popular
Human,Rag'n'Bone Man,0.602,0.707,0.302,0.393,0.0,0.165,0.554,0.07406569838270816,4,2017,Jazz,0.849493960169768,81.0,Semi_Popular
Castle on the Hill,Ed Sheeran,0.461,0.834,0.0989,0.0232,1.14e-05,0.14,0.471,0.5111795215967203,4,2017,Pop,0.7865654587006201,81.0,Semi_Popular
DNA,Kendrick Lamar,0.638,0.523,0.357,0.00454,0.0,0.0842,0.422,0.5469685806202174,4,2017,"Hip Hop,Rap",0.6399771465883121,81.0,Semi_Popular
Without You feat Sandro Cavazza,"Avicii, Sandro Cavazza",0.662,0.858,0.0428,0.00163,0.0,0.0456,0.295,0.5037824352025445,4,2017,"Pop,Hip Hop",0.7885243225595819,81.0,Semi_Popular
Drowning feat Kodak Black,"A Boogie Wit da Hoodie, Kodak Black",0.839,0.81,0.0568,0.501,0.0,0.117,0.814,0.4674608443183229,4,2017,"Latino,Hip Hop,Rap",0.7534280117531831,80.0,Semi_Popular
Galway Girl,Ed Sheeran,0.624,0.876,0.1,0.0735,0.0,0.327,0.781,0.2553891494809638,4,2017,Pop,0.9085047339209924,81.0,Semi_Popular
Glorious feat Skylar Grey,"Macklemore, Skylar Grey",0.731,0.794,0.0522,0.0323,2.59e-05,0.112,0.356,0.5475594721369119,4,2017,"Rock,Pop,Hip Hop,Rap",0.7655076722167808,80.0,Semi_Popular
Love Galore feat Travis Scott,"SZA, Travis Scott",0.795,0.594,0.0748,0.112,0.0,0.162,0.409,0.5111430468117392,4,2017,"Jazz,Pop,Hip Hop,Rap",0.6778485145282401,80.0,Semi_Popular
Symphony feat Zara Larsson,"Clean Bandit, Zara Larsson",0.715,0.605,0.0428,0.239,1.41e-05,0.189,0.454,0.4232679948351705,4,2018,Pop,0.7653444335618673,80.0,Semi_Popular
Scared to Be Lonely,"Martin Garrix, Dua Lipa",0.584,0.54,0.0576,0.0895,0.0,0.261,0.195,0.5328090690905378,4,2017,"Pop,Hip Hop",0.5484002611818478,80.0,Semi_Popular
Bank Account,21 Savage,0.884,0.347,0.35,0.015,7e-06,0.0871,0.376,0.07354775643597589,4,2017,"Hip Hop,Rap",0.5124061377734246,79.0,Semi_Popular
Save That Shit,Lil Peep,0.534,0.583,0.0288,0.0262,0.0,0.421,0.145,0.29957470400711994,4,2017,"Hip Hop,Rap",0.4760855370551745,79.0,Semi_Popular
Slow Hands,Niall Horan,0.735,0.425,0.0464,0.011,0.0,0.055,0.848,0.152916888554942,4,2017,Pop,0.6412830558276199,79.0,Semi_Popular
Issues,Julia Michaels,0.728,0.415,0.0639,0.401,0.0,0.0616,0.455,0.3589921287414011,4,2017,Pop,0.6246327130264445,78.0,Semi_Popular
Location,Khalid,0.736,0.449,0.425,0.33,0.000162,0.0898,0.326,0.1108249866867036,4,2017,"Jazz,Pop",0.2483676134508651,78.0,Semi_Popular
Stay,"Zedd, Alessia Cara",0.69,0.622,0.0622,0.253,0.0,0.116,0.544,0.27068667430205506,4,2017,"Jazz,Pop,Hip Hop",0.7737512242899117,78.0,Semi_Popular
What About Us,P!nk,0.491,0.588,0.0506,0.0281,2.01e-06,0.0906,0.193,0.3550747368344265,4,2017,Pop,0.6797257590597453,78.0,Semi_Popular
1-800-273-8255,"Logic, Alessia Cara, Khalid",0.62,0.574,0.0479,0.569,0.0,0.19,0.357,0.2559727460406621,4,2017,"Jazz,Pop,Hip Hop,Rap",0.5482370225269343,78.0,Semi_Popular
Feels feat Pharrell Williams Katy Perry  Big Sean,"Calvin Harris, Pharrell Williams, Katy Perry, Big Sean, Funk Wav",0.893,0.745,0.0571,0.0642,0.0,0.0943,0.872,0.2632312282519095,4,2017,"Jazz,Pop,Hip Hop,Rap",0.930460333006856,77.0,Semi_Popular
Black Beatles,"Rae Sremmurd, Gucci Mane",0.794,0.632,0.0649,0.142,0.0,0.128,0.355,0.5908331570385392,4,2016,"Pop,Hip Hop,Rap",0.6808684296441396,77.0,Semi_Popular
Chill Bill feat J Davi  Spooks,"Rob $tone, J. Davi$, J Spooks",0.886,0.427,0.145,0.0312,0.00099,0.0906,0.23,0.3144126465374487,4,2016,Rap,0.3654097290238327,77.0,Semi_Popular
Paris,The Chainsmokers,0.653,0.658,0.0304,0.0215,1.66e-06,0.0939,0.219,0.2557320124597866,4,2017,Pop,0.659239307868103,77.0,Semi_Popular
Dusk Till Dawn feat Sia - Radio Edit,"ZAYN, Sia",0.259,0.437,0.0386,0.102,1.32e-06,0.106,0.0951,0.8397079099218712,4,2017,Pop,0.6460985961475676,77.0,Semi_Popular
Sorry Not Sorry,Demi Lovato,0.706,0.643,0.234,0.0242,0.0,0.262,0.885,0.5762797178310635,4,2017,Pop,0.6183480248122755,77.0,Semi_Popular
Losin Control,Russ,0.759,0.245,0.138,0.515,0.000154,0.102,0.209,0.23386173138509359,4,2017,"Pop,Hip Hop,Rap",0.6496898465556643,77.0,Semi_Popular
Fetish feat Gucci Mane,"Selena Gomez, Gucci Mane",0.708,0.618,0.0592,0.0204,6.81e-06,0.062,0.265,0.4236838073839556,4,2017,"Pop,Hip Hop,Rap",0.8228044400914135,76.0,Semi_Popular
Swang,Rae Sremmurd,0.681,0.314,0.0581,0.2,9.82e-06,0.1,0.166,0.5475448822229192,4,2016,"Pop,Hip Hop,Rap",0.4232778321906626,76.0,Semi_Popular
Malibu,Miley Cyrus,0.573,0.781,0.0555,0.0767,2.64e-05,0.0813,0.343,0.5471217747171382,4,2017,Pop,0.6610349330721514,76.0,Semi_Popular
Criminal,"NATTI NATASHA, Ozuna",0.814,0.813,0.0561,0.03,9.33e-05,0.255,0.839,0.1098839372341901,4,2017,"Pop,Latino,Rap",0.9371531178583088,76.0,Semi_Popular
Bad and Boujee feat Lil Uzi Vert,"Migos, Lil Uzi Vert",0.926,0.666,0.244,0.0611,0.0,0.123,0.168,0.45334510253062066,4,2017,"Pop,Hip Hop,Rap",0.7501632386549133,76.0,Semi_Popular
Plain Jane,A$AP Ferg,0.797,0.844,0.275,0.0651,0.0,0.087,0.52,0.7674878356592088,4,2017,"Pop,Hip Hop,Rap",0.7364511916421808,75.0,Semi_Popular
Swalla feat Nicki Minaj  Ty Dolla ign,"Jason Derulo, Nicki Minaj, Ty Dolla $ign",0.696,0.817,0.109,0.075,0.0,0.187,0.782,0.2416819252850505,4,2017,"Jazz,Pop,Hip Hop,Rap",0.8686745021221024,75.0,Semi_Popular
Mi Gente,"J Balvin, Willy William",0.548,0.704,0.0777,0.0168,2.25e-05,0.143,0.288,0.28984323137415113,4,2018,"Pop,Latino,Rap",0.7890140385243225,75.0,Semi_Popular
Green Light,Lorde,0.594,0.721,0.0957,0.0209,8.55e-06,0.0879,0.253,0.4669356074145944,4,2017,Pop,0.5462781586679725,75.0,Semi_Popular
Fake Love,Drake,0.928,0.481,0.287,0.105,0.0,0.176,0.613,0.5038845646004918,4,2017,"Pop,Hip Hop,Rap",0.4207476330395037,75.0,Semi_Popular
Scars To Your Beautiful,Alessia Cara,0.319,0.739,0.272,0.0285,0.0,0.111,0.449,0.9427637674075913,4,2016,"Jazz,Pop",0.7153934051583414,75.0,Semi_Popular
Sky Walker feat Travis Scott,"Miguel, Travis Scott",0.674,0.506,0.0434,0.173,0.0,0.0866,0.183,0.5911176603613923,4,2017,"Jazz,Hip Hop,Rap",0.3242735879856349,75.0,Semi_Popular
Lust For Life with The Weeknd,"Lana Del Rey, The Weeknd",0.504,0.655,0.0542,0.604,0.00193,0.364,0.262,0.2556736528038168,4,2017,"Jazz,Pop",0.4783708782239633,75.0,Semi_Popular
Liability,Lorde,0.587,0.229,0.128,0.92,0.0,0.1,0.379,0.0783186583115093,4,2017,Pop,0.2653444335618674,75.0,Semi_Popular
Lonely Together feat Rita Ora,"Avicii, Rita Ora",0.655,0.666,0.0612,0.134,2.12e-05,0.0683,0.272,0.2775220490075212,4,2017,"Pop,Hip Hop",0.750571335292197,74.0,Semi_Popular
Caroline,Aminé,0.94,0.335,0.505,0.17,0.0,0.262,0.707,0.4019959002341682,4,2017,"Pop,Hip Hop,Rap",0.3530852105778648,74.0,Semi_Popular
Tunnel Vision,Kodak Black,0.497,0.489,0.294,0.0576,9.91e-05,0.122,0.231,0.7799695070797559,4,2017,"Latino,Hip Hop,Rap",0.5534606594841658,73.0,Semi_Popular
do re mi,blackbear,0.745,0.593,0.0524,0.00522,5.06e-06,0.123,0.17,0.33605678394525873,3,2017,Pop,0.665605615409729,73.0,Semi_Popular
ELEMENT,Kendrick Lamar,0.748,0.705,0.485,0.204,0.0,0.246,0.483,0.9115559413777257,4,2017,"Hip Hop,Rap",0.8127652628142343,72.0,Semi_Popular
iSpy feat Lil Yachty,"KYLE, Lil Yachty",0.746,0.653,0.289,0.378,0.0,0.229,0.672,0.07354775643597589,4,2016,"Rock,Pop,Hip Hop,Rap",0.633365981064316,72.0,Semi_Popular
Sit Next to Me,Foster The People,0.638,0.738,0.0292,0.117,0.000384,0.689,0.657,0.2340732851379842,4,2017,Rock,0.7777505713352921,72.0,Semi_Popular
All Night,"The Vamps, Matoma",0.538,0.804,0.0358,0.0041,0.0,0.33,0.507,0.5840196672040618,4,2017,Pop,0.7599575579497224,72.0,Semi_Popular
Slide feat Frank Ocean  Migos,"Calvin Harris, Frank Ocean, Migos",0.736,0.795,0.0545,0.498,1.21e-06,0.254,0.511,0.28546625717641405,4,2017,"Jazz,Pop,Hip Hop,Rap",0.914626183480248,72.0,Semi_Popular
Rolex,Ayo & Teo,0.804,0.886,0.04,0.0837,0.0,0.266,0.789,0.5836840991822354,4,2017,Rap,0.9788605941887036,72.0,Semi_Popular
Chained To The Rhythm,"Katy Perry, Skip Marley",0.562,0.8,0.112,0.0814,0.0,0.199,0.471,0.21954173080149697,4,2017,Pop,0.7428174991838066,72.0,Semi_Popular
Despacito - Remix,"Luis Fonsi, Daddy Yankee, Justin Bieber",0.649,0.798,0.178,0.226,0.0,0.0711,0.857,0.8240748170789534,4,2019,"Latino,Pop,Hip Hop,Rap",0.8291707476330394,72.0,Semi_Popular
Burst Synapse,Full Of Hell,0.14,0.918,0.188,3.95e-06,0.792,0.565,0.0284,0.29105558783652913,4,2014,['Hardcore'],0.8888321307707043,21.0,Not_so_popular
Penderecki Threnody for the Victims of Hiroshima,Krzysztof Penderecki,0.162,0.211,0.0517,0.521,0.588,0.221,0.0356,0.2151074956420686,4,2012,['Classical'],0.35639486622821026,18.0,Not_so_popular
Philomel for soprano recorded soprano and synthesized sound,Milton Babbitt,0.421,0.0679,0.11,0.917,9.26e-06,0.0828,0.133,0.3014603912454,3,1995,['Classical'],0.30633420598940053,6.0,Not_so_popular
Root of an Unfocus,John Cage,0.601,0.0264,0.0608,0.913,0.905,0.0989,0.117,0.6004725934534185,4,2001,['Classical'],0.34729583040674283,12.0,Not_so_popular
But What About the Noise of Crumpling Paper Which He Used to Do in Order to Paint the Series of Papiers Froisss or Tearing Up Paper to Make Papiers Dchirs Arp Was Stimulated by Water Sea Lake and Flowing Waters like Rivers Forests,John Cage,0.614,0.00109,0.361,0.00178,0.0688,0.091,0.0394,0.4519542901413907,3,2001,['Classical'],0.2644786412106508,0.0,Not_so_popular
Fnf Inventionen - Ewartungen,Michael Bach,0.529,0.0121,0.0518,0.611,0.463,0.135,0.237,0.1580166569823746,3,1996,['Classical'],0.1696251835770386,0.0,Not_so_popular
Moving Muntains,The Plastic Ono Band,0.39,0.75,0.0962,0.799,0.703,0.106,0.257,0.628688746852605,4,2014,['Rock'],0.7125981738075473,0.0,Not_so_popular
Gesang Der Junglinge,Karlheinz Stockhausen,0.366,0.0816,0.0969,0.947,0.0209,0.317,0.0733,0.6072980825101686,3,2013,['Classical'],0.15289572824213016,12.0,Not_so_popular
Night Traffic,Paul Lansky,0.0612,0.488,0.0874,0.0261,0.907,0.17,0.0324,0.1231299631996901,3,1992,[],0.509354447353298,0.0,Not_so_popular
The Most Unwanted Song,"Dave Soldier, Komar & Melamid",0.396,0.325,0.0643,0.854,0.00221,0.196,0.2,0.308014720123959,4,2001,[],0.7051593129429794,7.0,Not_so_popular
Jamrag - Live,John Lennon,0.155,0.717,0.105,0.199,0.439,0.71,0.238,0.1719620375750533,4,1972,['Rock'],0.6142966604942213,17.0,Not_so_popular
Screaming Slave,Nine Inch Nails,0.317,0.948,0.3,0.00184,0.478,0.901,0.0347,0.4852682548905675,4,1992,['Rock'],0.6825873188174446,17.0,Not_so_popular
Find Your Note,Lou Reed,0.057,0.000219,0.0648,0.933,0.902,0.107,0.027,0.11467751307379431,4,2007,['Rock'],0.0,0.0,Not_so_popular
Ancestors,Björk,0.279,0.254,0.0355,0.956,0.000284,0.295,0.0855,0.39301956226999807,1,2004,"['Rock', 'Pop']",0.5917246663686866,23.0,Not_so_popular
Hair Pie Bake 1,Captain Beefheart,0.296,0.531,0.155,0.658,0.194,0.383,0.376,0.2170211117567306,4,1999,['Rock'],0.548113147308601,0.0,Not_so_popular
On the Floor,IceJJFish,0.595,0.561,0.0694,0.279,0.0,0.32,0.63,0.48880883207437537,4,2013,['Rap'],0.8330566375071834,42.0,Not_so_popular
Au - Live,John Lennon,0.164,0.828,0.101,0.899,0.0485,0.309,0.0375,0.1760836722835562,4,1972,['Rock'],0.6805121001213205,12.0,Not_so_popular
Heat Waves,Glass Animals,0.761,0.525,0.0944,0.44,6.7e-06,0.0921,0.531,0.1854890567499517,4,2020,"['Rock', 'Pop']",0.795351510120682,90.0,Popular_Forever
Glimpse of Us,Joji,0.44,0.317,0.0531,0.891,4.78e-06,0.141,0.268,0.8753515398024403,3,2022,['Pop'],0.7200689611135943,84.0,Popular_Forever
Blinding Lights,The Weeknd,0.514,0.73,0.0598,0.00146,9.54e-05,0.0897,0.334,0.8838039899283363,4,2020,"['Jazz', 'Pop']",0.8261924525892343,92.0,Popular_Forever
CUFF IT,Beyoncé,0.78,0.689,0.141,0.0368,9.69e-06,0.0698,0.642,0.4502343598682937,4,2022,"['Jazz', 'Pop']",0.8346848860226039,85.0,Popular_Forever
Cruel Summer,Taylor Swift,0.552,0.702,0.157,0.117,2.06e-05,0.105,0.564,0.8759713344954483,4,2019,['Pop'],0.8334397548049295,99.0,Popular_Forever
STAY with Justin Bieber,The Kid LAROI,0.591,0.764,0.0483,0.0383,0.0,0.103,0.478,0.8754600038737168,4,2021,['Hip Hop'],0.8405593512547092,85.0,Popular_Forever
Where Are You Now,Lost Frequencies,0.671,0.636,0.103,0.515,0.000411,0.172,0.262,0.4961301568855317,4,2021,"['Pop', 'Hip Hop']",0.7564970308409424,84.0,Popular_Forever
Cold Heart - PNAU Remix,Elton John,0.796,0.798,0.0317,0.034,4.19e-05,0.0952,0.942,0.45790431919426694,4,2021,['Rock'],0.8141242577102356,85.0,Popular_Forever
WHERE SHE GOES,Bad Bunny,0.652,0.8,0.0614,0.143,0.629,0.112,0.234,0.6744141003292661,4,2023,"['Rap', 'Latino']",0.8873315880211992,87.0,Popular_Forever
As It Was,Harry Styles,0.52,0.731,0.0557,0.342,0.00101,0.311,0.662,0.9064652333914391,4,2022,['Pop'],0.8452206117106187,94.0,Popular_Forever
Watermelon Sugar,Harry Styles,0.548,0.816,0.0465,0.122,0.0,0.335,0.557,0.2979817935308929,4,2019,['Pop'],0.881265564140221,88.0,Popular_Forever
Umbrella,Rihanna,0.583,0.829,0.134,0.00864,0.0,0.0426,0.575,0.9072244818903739,4,2008,['Pop'],0.8686865461975608,86.0,Popular_Forever
fukumean,Gunna,0.847,0.622,0.0903,0.119,0.0,0.285,0.22,0.566128220027116,4,2023,"['Rap', 'Hip Hop']",0.8002362556669433,93.0,Popular_Forever
Heathens,Twenty One Pilots,0.732,0.396,0.0286,0.0841,3.58e-05,0.105,0.548,0.25640906449738526,4,2016,"['Rock', 'Pop']",0.7171955813804993,85.0,Popular_Forever
goosebumps,Travis Scott,0.841,0.728,0.0484,0.0847,0.0,0.149,0.43,0.5665000968429208,4,2016,"['Rap', 'Hip Hop']",0.9080518485409615,87.0,Popular_Forever
I Like Me Better,Lauv,0.752,0.505,0.253,0.535,2.55e-06,0.104,0.419,0.2714855704048034,4,2018,['Pop'],0.7723325458144434,8.0,Not_so_popular
Moth To A Flame with The Weeknd,Swedish House Mafia,0.542,0.659,0.0389,0.00279,0.0,0.105,0.109,0.4895913228742979,4,2021,"['Pop', 'Hip Hop']",0.7829321243854159,14.0,Not_so_popular
The Nights,Avicii,0.527,0.835,0.0433,0.0166,0.0,0.249,0.654,0.5349990315707922,4,2014,"['Pop', 'Hip Hop']",0.846497669369772,87.0,Popular_Forever
Levitating feat DaBaby,Dua Lipa,0.702,0.825,0.0601,0.00883,0.0,0.0674,0.915,0.3567615727290336,4,2020,['Pop'],0.8947385224442883,84.0,Popular_Forever
Circles,Post Malone,0.695,0.762,0.0395,0.192,0.00244,0.0863,0.553,0.48897152818129,4,2019,"['Rap', 'Pop']",0.9039971904731499,88.0,Popular_Forever
N95,Kendrick Lamar,0.79,0.67,0.105,0.377,2.32e-06,0.119,0.408,0.6432539221382916,4,2022,"['Rap', 'Hip Hop']",0.8391865142711193,23.0,Not_so_popular
One Dance,Drake,0.792,0.625,0.0536,0.00776,0.0018,0.329,0.37,0.36443153205500683,4,2016,"['Rap', 'Pop', 'Hip Hop']",0.8365685460698551,89.0,Popular_Forever
HIGHEST IN THE ROOM,Travis Scott,0.598,0.427,0.0317,0.0546,5.83e-06,0.21,0.0605,0.15139260120085224,4,2019,"['Rap', 'Hip Hop']",0.7358406232041377,84.0,Popular_Forever
Lucid Dreams,Juice WRLD,0.511,0.566,0.2,0.349,0.0,0.34,0.218,0.20898702304861522,4,2018,['Rap'],0.7848157844326671,86.0,Popular_Forever
Closer,The Chainsmokers,0.748,0.524,0.0338,0.414,0.0,0.111,0.661,0.2950377687391052,4,2016,['Pop'],0.8368878104846433,86.0,Popular_Forever
Dance The Night - From Barbie The Album,Dua Lipa,0.671,0.845,0.048,0.0207,0.0,0.329,0.775,0.41160565562657375,4,2023,['Pop'],0.8582465998339825,93.0,Popular_Forever
rockstar feat 21 Savage,Post Malone,0.585,0.52,0.0712,0.124,7.01e-05,0.131,0.129,0.797001743172574,4,2018,"['Rap', 'Pop']",0.8197433114105102,85.0,Popular_Forever
Stressed Out,Twenty One Pilots,0.734,0.637,0.141,0.0462,2.29e-05,0.0602,0.648,0.8758396281231842,4,2015,"['Rock', 'Pop']",0.8343975480492944,89.0,Popular_Forever
bad guy,Billie Eilish,0.701,0.425,0.375,0.328,0.13,0.1,0.562,0.6058493124152624,4,2019,"['Rock', 'Pop']",0.6655705255092268,84.0,Popular_Forever
SICKO MODE,Travis Scott,0.834,0.73,0.222,0.00513,0.0,0.124,0.446,0.7598682936277359,4,2018,"['Rap', 'Hip Hop']",0.8970691526722431,86.0,Popular_Forever
Blank Space,Taylor Swift,0.76,0.703,0.054,0.103,0.0,0.0913,0.57,0.3026844857640906,4,2014,['Pop'],0.842858055041185,89.0,Popular_Forever
Miss You,Oliver Tree,0.587,0.742,0.0529,0.0128,0.00107,0.146,0.199,0.6823862095680806,4,2022,['Hip Hop'],0.8036523849051784,64.0,Not_so_popular
I Aint Worried,OneRepublic,0.704,0.797,0.0475,0.0826,0.000745,0.0546,0.825,0.6435483246174705,4,2022,"['Rock', 'Pop']",0.8264159376795862,91.0,Popular_Forever
I Gotta Feeling,Black Eyed Peas,0.743,0.766,0.0265,0.0873,0.0,0.509,0.61,0.5503157079217509,4,2009,"['Rap', 'Pop']",0.8121128918970691,84.0,Popular_Forever
Sunflower - Spider-Man Into the Spider-Verse,Post Malone,0.755,0.522,0.0575,0.533,0.0,0.0685,0.925,0.2559132287429789,4,2019,"['Rap', 'Pop']",0.8761892599450865,86.0,Popular_Forever
Let Me Love You,DJ Snake,0.649,0.716,0.0349,0.0863,2.63e-05,0.135,0.163,0.3336044935115244,4,2016,"['Rap', 'Pop', 'Hip Hop']",0.8441670391418172,86.0,Popular_Forever
Hips Dont Lie feat Wyclef Jean,Shakira,0.778,0.824,0.0707,0.284,0.0,0.405,0.758,0.33388340112337794,4,2005,"['Latino', 'Pop']",0.8275333631313453,86.0,Popular_Forever
Woman,Doja Cat,0.824,0.764,0.0854,0.0888,0.00294,0.117,0.881,0.3956614371489445,4,2021,['Pop'],0.8823510631505012,86.0,Popular_Forever
Infinity,Jaymes Young,0.671,0.673,0.0444,0.148,5.29e-05,0.304,0.494,0.5038543482471431,4,2017,"['Rock', 'Pop']",0.7940425260200498,84.0,Popular_Forever
Shallow,Lady Gaga,0.572,0.385,0.0308,0.371,0.0,0.231,0.323,0.3011504938988961,4,2018,"['Rock', 'Pop']",0.812527935636294,86.0,Popular_Forever
Running Up That Hill A Deal With God,Kate Bush,0.629,0.547,0.055,0.72,0.00314,0.0604,0.197,0.39858221963974433,4,1985,"['Rock', 'Pop']",0.5966732647979056,14.0,Not_so_popular
Beggin,Måneskin,0.714,0.8,0.0504,0.127,0.0,0.359,0.589,0.5971257021111758,4,2017,"['Rock', 'Pop']",0.8621416256944001,85.0,Popular_Forever
Happier Than Ever,Billie Eilish,0.332,0.225,0.0348,0.767,0.00349,0.128,0.297,0.18692233197753255,3,2021,"['Rock', 'Pop']",0.7379796947832195,87.0,Popular_Forever
Hey Soul Sister,Train,0.673,0.886,0.0431,0.185,0.0,0.0826,0.795,0.310548130931629,4,2010,"['Rock', 'Pop']",0.8738905561586106,85.0,Popular_Forever
Yeah feat Lil Jon  Ludacris,USHER,0.894,0.791,0.112,0.0183,0.0,0.0388,0.583,0.37257408483439863,4,2004,"['Jazz', 'Rap', 'Pop', 'Hip Hop']",0.8656216078155928,84.0,Popular_Forever
Empire State Of Mind,JAY-Z,0.491,0.956,0.392,0.0295,0.0,0.46,0.811,0.9037923687778424,4,2009,"['Rap', 'Pop', 'Hip Hop']",0.9665410893301832,85.0,Popular_Forever
About Damn Time,Lizzo,0.835,0.747,0.0622,0.101,0.0,0.355,0.713,0.4032229324036413,4,2022,"['Rap', 'Pop', 'Hip Hop']",0.8136134346465742,57.0,Not_so_popular
Paradise,Coldplay,0.449,0.585,0.0268,0.0509,8.75e-05,0.0833,0.212,0.640736006197947,4,2011,['Pop'],0.7997892854862396,86.0,Popular_Forever
Softcore,The Neighbourhood,0.575,0.568,0.03,0.0484,0.000417,0.286,0.37,0.2871043966686036,4,2018,"['Rock', 'Pop']",0.8397611902177383,87.0,Popular_Forever
lovely with Khalid,Billie Eilish,0.351,0.296,0.0333,0.934,0.0,0.095,0.12,0.45210923881464277,4,2018,"['Rock', 'Pop']",0.6928995594151075,90.0,Popular_Forever
Maps,Maroon 5,0.742,0.713,0.0303,0.0205,0.0,0.059,0.879,0.48889405384466394,4,2014,['Pop'],0.8393461464785135,87.0,Popular_Forever
Believer,Imagine Dragons,0.776,0.78,0.128,0.0622,0.0,0.081,0.666,0.5269881851636646,4,2017,"['Rock', 'Pop']",0.8759977012962135,89.0,Popular_Forever
Doja,Central Cee,0.911,0.573,0.288,0.38,0.0,0.403,0.972,0.64390470656595,4,2022,[],0.7784304961369006,84.0,Popular_Forever
One Kiss with Dua Lipa,Calvin Harris,0.791,0.862,0.11,0.037,2.19e-05,0.0814,0.592,0.5195893860158822,4,2018,"['Pop', 'Hip Hop']",0.9122022859332098,86.0,Popular_Forever
Something Just Like This,The Chainsmokers,0.617,0.635,0.0317,0.0498,1.44e-05,0.164,0.446,0.3570869649428628,4,2017,['Pop'],0.799533873954409,88.0,Popular_Forever
Perfect,Ed Sheeran,0.599,0.448,0.0232,0.163,0.0,0.106,0.168,0.2953476660856092,3,2017,['Pop'],0.8141242577102356,89.0,Popular_Forever
Say You Wont Let Go,James Arthur,0.358,0.557,0.059,0.695,0.0,0.0902,0.494,0.21781909742397837,4,2016,['Pop'],0.7794521422642232,88.0,Popular_Forever
Africa,TOTO,0.671,0.373,0.0323,0.257,8.01e-05,0.0481,0.732,0.2772806507844277,4,1982,['Rock'],0.43892471745099293,86.0,Popular_Forever
Daddy Issues,The Neighbourhood,0.588,0.521,0.0329,0.0678,0.149,0.123,0.337,0.21757892698043774,4,2015,"['Rock', 'Pop']",0.7135878934933912,87.0,Popular_Forever
Uptown Funk feat Bruno Mars,Mark Ronson,0.856,0.609,0.0824,0.00801,8.15e-05,0.0344,0.928,0.4498159984505133,4,2015,"['Jazz', 'Country', 'Pop']",0.785039269523019,85.0,Popular_Forever
Shut Up and Dance,WALK THE MOON,0.578,0.866,0.0619,0.00701,0.0,0.257,0.619,0.5509200077474339,4,2014,"['Rock', 'Pop']",0.8941957729391482,85.0,Popular_Forever
Someone You Loved,Lewis Capaldi,0.501,0.405,0.0319,0.751,0.0,0.105,0.446,0.41032732907224495,4,2019,['Pop'],0.8343336951663367,90.0,Popular_Forever
7 rings,Ariana Grande,0.778,0.317,0.334,0.592,0.0,0.0881,0.327,0.6439666860352509,4,2019,['Pop'],0.6730093863737948,85.0,Popular_Forever
Lost in the Fire feat The Weeknd,Gesaffelstein,0.658,0.671,0.0363,0.0933,0.000927,0.115,0.166,0.34118148363354633,4,2019,[],0.62582210586808,84.0,Popular_Forever
everything i wanted,Billie Eilish,0.704,0.225,0.0994,0.902,0.657,0.106,0.243,0.48869262056943646,4,2019,"['Rock', 'Pop']",0.5541791711895792,86.0,Popular_Forever
Moscow Mule,Bad Bunny,0.804,0.674,0.0333,0.294,1.18e-06,0.115,0.292,0.33344954483827244,4,2022,"['Rap', 'Latino']",0.8415490709405529,84.0,Popular_Forever
Starboy,The Weeknd,0.679,0.587,0.276,0.141,6.35e-06,0.137,0.486,1.0,4,2016,"['Jazz', 'Pop']",0.7916799693506161,93.0,Popular_Forever
Locked out of Heaven,Bruno Mars,0.726,0.698,0.0431,0.049,0.0,0.309,0.867,0.6745380592678676,4,2012,['Pop'],0.8826703275652895,91.0,Popular_Forever
Thunder,Imagine Dragons,0.605,0.822,0.0438,0.00671,0.134,0.147,0.288,0.8604997094712377,4,2017,"['Rock', 'Pop']",0.8613434646574293,87.0,Popular_Forever
Love Yourself,Justin Bieber,0.609,0.378,0.438,0.835,0.0,0.28,0.515,0.336935889986442,4,2015,['Pop'],0.7018708894706596,86.0,Popular_Forever
XO Tour Llif3,Lil Uzi Vert,0.732,0.75,0.231,0.00264,0.0,0.109,0.401,0.7605500677900445,4,2017,"['Rap', 'Hip Hop']",0.8124002298703786,84.0,Popular_Forever
Pumped Up Kicks,Foster The People,0.733,0.71,0.0292,0.145,0.115,0.0956,0.965,0.55043191942669,4,2011,['Rock'],0.8289062001149352,85.0,Popular_Forever
Riptide,Vance Joy,0.484,0.731,0.0379,0.431,0.0,0.151,0.51,0.3465117179934147,4,2014,"['Rock', 'Pop']",0.8019283570653215,86.0,Popular_Forever
Nias In Paris,JAY-Z,0.789,0.858,0.311,0.127,0.0,0.349,0.775,0.6437652527600233,4,2011,"['Rap', 'Pop', 'Hip Hop']",0.8387076176489369,52.0,Not_so_popular
Unforgettable,French Montana,0.726,0.769,0.123,0.0293,0.0101,0.104,0.733,0.318086383885338,4,2017,"['Rap', 'Pop', 'Hip Hop']",0.8546389119468744,86.0,Popular_Forever
Do I Wanna Know,Arctic Monkeys,0.548,0.532,0.0323,0.186,0.000263,0.217,0.405,0.21771838078636457,4,2013,['Rock'],0.7731307068514144,90.0,Popular_Forever
Take on Me,a-ha,0.573,0.902,0.054,0.018,0.00125,0.0928,0.876,0.21293046678287825,4,1985,"['Country', 'Pop']",0.7717897963093033,90.0,Popular_Forever
Welcome to the Machine,Flight Crash Companion,0.428,0.629,0.0318,0.00127,0.182,0.101,0.0392,0.6587100522951772,4,2013,"['Rock', 'Pop']",0.7485154204712343,1.0,Not_so_popular
Keep Your Distance,Wounded,0.719,0.755,0.0306,0.00648,8.37e-06,0.0369,0.849,0.4812550842533411,4,2021,[],0.8653023434008045,0.0,Not_so_popular
The New One,Wounded,0.477,0.933,0.036,0.000821,0.0496,0.136,0.757,0.7370443540577185,4,2000,[],0.8675371943043229,0.0,Not_so_popular
Shaking,Wounded,0.503,0.83,0.0429,0.00876,0.053,0.107,0.552,0.5998140615920975,4,2000,[],0.8875869995530298,0.0,Not_so_popular
Five At the Rushing River,Isaiah Sheffer,0.65,0.0839,0.416,0.878,0.0,0.105,0.186,0.5635715669184582,5,1965,[],0.26074324755762734,0.0,Not_so_popular
5 am,The Millennium,0.57,0.517,0.0312,0.717,0.671,0.149,0.619,0.5108890180127832,4,1968,['Pop'],0.6212885511780857,48.0,Not_so_popular
The Novelty Is Bound To Fade,Roland Toubin,0.503,0.0362,0.0425,0.991,0.934,0.133,0.168,0.0,4,2023,[],0.17518038439435546,38.0,Not_so_popular
Sunset Eyes,enoch,0.805,0.136,0.0762,0.97,0.844,0.107,0.254,0.44310672089870234,3,2022,[],0.42628184662537516,36.0,Not_so_popular
Wherever I Go,Gerardo Millán,0.385,0.0809,0.0376,0.965,0.871,0.561,0.324,0.4269068371102073,4,2021,[],0.3081220867122151,26.0,Not_so_popular
Pathways,Ezra Glatt,0.375,0.338,0.0299,0.9,0.274,0.0925,0.307,0.6773736199883789,4,2023,[],0.5543388033969734,33.0,Not_so_popular
Dont Break It,Bladerunner,0.41,0.752,0.0459,0.00425,0.848,0.0698,0.23,0.2362424946736394,4,2019,['Hardcore'],0.9140540195389821,18.0,Not_so_popular
Get Crazy,Jantsen,0.551,0.985,0.164,0.0018,0.0437,0.0848,0.268,0.7208754600038736,4,2020,['Hip Hop'],1.0,36.0,Not_so_popular
